record_id,m49_code,country,region,cpc_code,commodity,year,loss_percentage,loss_percentage_original,loss_quantity,activity,food_supply_stage,treatment,cause_of_loss,sample_size,method_data_collection,reference,url,notes,loss_quantity_numeric,sample_size_numeric,loss_pct_valid,has_loss_quantity,has_sample_size,has_source_url,has_activity,has_supply_stage,has_cause_of_loss
20031,566,Nigeria,,0112,Maize (corn),2021,6.42,6.42,,"Drying, Harvesting",Harvest,,,,Modelled Estimates,"APHLIS, (2021), APHLIS",https://www.aphlis.net/en/data/tables/value-chain/NG/all-crops/2021?metric=prc&download=csv,,,,True,False,False,True,True,True,False
20032,566,Nigeria,,0112,Maize (corn),2021,4.58573,4.58573,,Storage,Farm,,,,Modelled Estimates,"APHLIS, (2021), APHLIS",https://www.aphlis.net/en/data/tables/value-chain/NG/all-crops/2021?metric=prc&download=csv,,,,True,False,False,True,True,True,False
20033,566,Nigeria,,0112,Maize (corn),2021,1.32,1.32,,"Shelling, Threshing",,,,,Modelled Estimates,"APHLIS, (2021), APHLIS",https://www.aphlis.net/en/data/tables/value-chain/NG/all-crops/2021?metric=prc&download=csv,,,,True,False,False,True,True,False,False
20034,566,Nigeria,,0112,Maize (corn),2021,2.37259,2.37259,,Transportation,Farm,,,,Modelled Estimates,"APHLIS, (2021), APHLIS",https://www.aphlis.net/en/data/tables/value-chain/NG/all-crops/2021?metric=prc&download=csv,,,,True,False,False,True,True,True,False
20035,566,Nigeria,,0112,Maize (corn),2021,4.0,4,,Drying,Farm,,,,Modelled Estimates,"APHLIS, (2021), APHLIS",https://www.aphlis.net/en/data/tables/value-chain/NG/all-crops/2021?metric=prc&download=csv,,,,True,False,False,True,True,True,False
20036,566,Nigeria,,0113,Rice,2021,4.40333,4.40333,,"Drying, Harvesting",Harvest,,,,Modelled Estimates,"APHLIS, (2021), APHLIS",https://www.aphlis.net/en/data/tables/value-chain/NG/all-crops/2021?metric=prc&download=csv,,,,True,False,False,True,True,True,False
20037,566,Nigeria,,0113,Rice,2021,0.980316,0.980316,,Storage,Farm,,,,Modelled Estimates,"APHLIS, (2021), APHLIS",https://www.aphlis.net/en/data/tables/value-chain/NG/all-crops/2021?metric=prc&download=csv,,,,True,False,False,True,True,True,False
20038,566,Nigeria,,0113,Rice,2021,3.13714,3.13714,,"Shelling, Threshing",,,,,Modelled Estimates,"APHLIS, (2021), APHLIS",https://www.aphlis.net/en/data/tables/value-chain/NG/all-crops/2021?metric=prc&download=csv,,,,True,False,False,True,True,False,False
20039,566,Nigeria,,0113,Rice,2021,1.25,1.25,,Transportation,Farm,,,,Modelled Estimates,"APHLIS, (2021), APHLIS",https://www.aphlis.net/en/data/tables/value-chain/NG/all-crops/2021?metric=prc&download=csv,,,,True,False,False,True,True,True,False
20040,566,Nigeria,,0113,Rice,2021,2.5,2.5,,Winnowing,Farm,,,,Modelled Estimates,"APHLIS, (2021), APHLIS",https://www.aphlis.net/en/data/tables/value-chain/NG/all-crops/2021?metric=prc&download=csv,,,,True,False,False,True,True,True,False
20041,566,Nigeria,,0114,Sorghum,2021,4.55,4.55,,"Drying, Harvesting",Harvest,,,,Modelled Estimates,"APHLIS, (2021), APHLIS",https://www.aphlis.net/en/data/tables/value-chain/NG/all-crops/2021?metric=prc&download=csv,,,,True,False,False,True,True,True,False
20042,566,Nigeria,,0114,Sorghum,2021,2.59295,2.59295,,Storage,Farm,,,,Modelled Estimates,"APHLIS, (2021), APHLIS",https://www.aphlis.net/en/data/tables/value-chain/NG/all-crops/2021?metric=prc&download=csv,,,,True,False,False,True,True,True,False
20043,566,Nigeria,,0114,Sorghum,2021,3.6,3.6,,"Shelling, Threshing",,,,,Modelled Estimates,"APHLIS, (2021), APHLIS",https://www.aphlis.net/en/data/tables/value-chain/NG/all-crops/2021?metric=prc&download=csv,,,,True,False,False,True,True,False,False
20044,566,Nigeria,,0114,Sorghum,2021,2.16667,2.16667,,Transportation,Farm,,,,Modelled Estimates,"APHLIS, (2021), APHLIS",https://www.aphlis.net/en/data/tables/value-chain/NG/all-crops/2021?metric=prc&download=csv,,,,True,False,False,True,True,True,False
20045,566,Nigeria,,0118,Millet,2021,3.5,3.5,,"Drying, Harvesting",Harvest,,,,Modelled Estimates,"APHLIS, (2021), APHLIS",https://www.aphlis.net/en/data/tables/value-chain/NG/all-crops/2021?metric=prc&download=csv,,,,True,False,False,True,True,True,False
20046,566,Nigeria,,0118,Millet,2021,0.793649,0.793649,,Storage,Farm,,,,Modelled Estimates,"APHLIS, (2021), APHLIS",https://www.aphlis.net/en/data/tables/value-chain/NG/all-crops/2021?metric=prc&download=csv,,,,True,False,False,True,True,True,False
20047,566,Nigeria,,0118,Millet,2021,2.0,2,,"Shelling, Threshing",,,,,Modelled Estimates,"APHLIS, (2021), APHLIS",https://www.aphlis.net/en/data/tables/value-chain/NG/all-crops/2021?metric=prc&download=csv,,,,True,False,False,True,True,False,False
20048,566,Nigeria,,0118,Millet,2021,2.5,2.5,,Transportation,Farm,,,,Modelled Estimates,"APHLIS, (2021), APHLIS",https://www.aphlis.net/en/data/tables/value-chain/NG/all-crops/2021?metric=prc&download=csv,,,,True,False,False,True,True,True,False
20049,566,Nigeria,,0118,Millet,2021,1.10317,1.10317,,Winnowing,Farm,,,,Modelled Estimates,"APHLIS, (2021), APHLIS",https://www.aphlis.net/en/data/tables/value-chain/NG/all-crops/2021?metric=prc&download=csv,,,,True,False,False,True,True,True,False
20050,566,Nigeria,,0112,Maize (corn),2020,13.0,13%,,,Whole supply chain,,,,Modelled Estimates,"Galford, Gillian L.; Peña, Olivia; Sullivan, Amanda K.; Nash, Julie; Gurwick, Noel; Pirolli, Gillian; Richards, Meryl; White, Julianna; Wollenberg, Eva, (2020), Agricultural Development Addresses Food Loss And Waste While Reducing Greenhouse Gas Emissions",,Food loss and waste,,,True,False,False,False,False,True,False
20051,566,Nigeria,,0113,Rice,2020,13.0,13%,,,Whole supply chain,,,,Modelled Estimates,"Galford, Gillian L.; Peña, Olivia; Sullivan, Amanda K.; Nash, Julie; Gurwick, Noel; Pirolli, Gillian; Richards, Meryl; White, Julianna; Wollenberg, Eva, (2020), Agricultural Development Addresses Food Loss And Waste While Reducing Greenhouse Gas Emissions",,Food loss and waste,,,True,False,False,False,False,True,False
20052,566,Nigeria,,0112,Maize (corn),2020,6.42,6.42,,"Drying, Harvesting",Harvest,,,,Modelled Estimates,"APHLIS, (2021), APHLIS",https://www.aphlis.net/en/data/tables/value-chain/NG/all-crops/2020?metric=prc&download=csv,,,,True,False,False,True,True,True,False
20053,566,Nigeria,,0112,Maize (corn),2020,4.71632,4.71632,,Storage,Farm,,,,Modelled Estimates,"APHLIS, (2021), APHLIS",https://www.aphlis.net/en/data/tables/value-chain/NG/all-crops/2020?metric=prc&download=csv,,,,True,False,False,True,True,True,False
20054,566,Nigeria,,0112,Maize (corn),2020,1.32,1.32,,"Shelling, Threshing",,,,,Modelled Estimates,"APHLIS, (2021), APHLIS",https://www.aphlis.net/en/data/tables/value-chain/NG/all-crops/2020?metric=prc&download=csv,,,,True,False,False,True,True,False,False
20055,566,Nigeria,,0112,Maize (corn),2020,2.37295,2.37295,,Transportation,Farm,,,,Modelled Estimates,"APHLIS, (2021), APHLIS",https://www.aphlis.net/en/data/tables/value-chain/NG/all-crops/2020?metric=prc&download=csv,,,,True,False,False,True,True,True,False
20056,566,Nigeria,,0112,Maize (corn),2020,4.0,4,,Drying,Farm,,,,Modelled Estimates,"APHLIS, (2021), APHLIS",https://www.aphlis.net/en/data/tables/value-chain/NG/all-crops/2020?metric=prc&download=csv,,,,True,False,False,True,True,True,False
20057,566,Nigeria,,0113,Rice,2020,4.40333,4.40333,,"Drying, Harvesting",Harvest,,,,Modelled Estimates,"APHLIS, (2021), APHLIS",https://www.aphlis.net/en/data/tables/value-chain/NG/all-crops/2020?metric=prc&download=csv,,,,True,False,False,True,True,True,False
20058,566,Nigeria,,0113,Rice,2020,0.931262,0.931262,,Storage,Farm,,,,Modelled Estimates,"APHLIS, (2021), APHLIS",https://www.aphlis.net/en/data/tables/value-chain/NG/all-crops/2020?metric=prc&download=csv,,,,True,False,False,True,True,True,False
20059,566,Nigeria,,0113,Rice,2020,3.13714,3.13714,,"Shelling, Threshing",,,,,Modelled Estimates,"APHLIS, (2021), APHLIS",https://www.aphlis.net/en/data/tables/value-chain/NG/all-crops/2020?metric=prc&download=csv,,,,True,False,False,True,True,False,False
20060,566,Nigeria,,0113,Rice,2020,1.25,1.25,,Transportation,Farm,,,,Modelled Estimates,"APHLIS, (2021), APHLIS",https://www.aphlis.net/en/data/tables/value-chain/NG/all-crops/2020?metric=prc&download=csv,,,,True,False,False,True,True,True,False
20061,566,Nigeria,,0113,Rice,2020,2.5,2.5,,Winnowing,Farm,,,,Modelled Estimates,"APHLIS, (2021), APHLIS",https://www.aphlis.net/en/data/tables/value-chain/NG/all-crops/2020?metric=prc&download=csv,,,,True,False,False,True,True,True,False
20062,566,Nigeria,,0114,Sorghum,2020,4.55,4.55,,"Drying, Harvesting",Harvest,,,,Modelled Estimates,"APHLIS, (2021), APHLIS",https://www.aphlis.net/en/data/tables/value-chain/NG/all-crops/2020?metric=prc&download=csv,,,,True,False,False,True,True,True,False
20063,566,Nigeria,,0114,Sorghum,2020,2.60406,2.60406,,Storage,Farm,,,,Modelled Estimates,"APHLIS, (2021), APHLIS",https://www.aphlis.net/en/data/tables/value-chain/NG/all-crops/2020?metric=prc&download=csv,,,,True,False,False,True,True,True,False
20064,566,Nigeria,,0114,Sorghum,2020,3.6,3.6,,"Shelling, Threshing",,,,,Modelled Estimates,"APHLIS, (2021), APHLIS",https://www.aphlis.net/en/data/tables/value-chain/NG/all-crops/2020?metric=prc&download=csv,,,,True,False,False,True,True,False,False
20065,566,Nigeria,,0114,Sorghum,2020,2.16667,2.16667,,Transportation,Farm,,,,Modelled Estimates,"APHLIS, (2021), APHLIS",https://www.aphlis.net/en/data/tables/value-chain/NG/all-crops/2020?metric=prc&download=csv,,,,True,False,False,True,True,True,False
20066,566,Nigeria,,0118,Millet,2020,3.5,3.5,,"Drying, Harvesting",Harvest,,,,Modelled Estimates,"APHLIS, (2021), APHLIS",https://www.aphlis.net/en/data/tables/value-chain/NG/all-crops/2020?metric=prc&download=csv,,,,True,False,False,True,True,True,False
20067,566,Nigeria,,0118,Millet,2020,0.851044,0.851044,,Storage,Farm,,,,Modelled Estimates,"APHLIS, (2021), APHLIS",https://www.aphlis.net/en/data/tables/value-chain/NG/all-crops/2020?metric=prc&download=csv,,,,True,False,False,True,True,True,False
20068,566,Nigeria,,0118,Millet,2020,2.0,2,,"Shelling, Threshing",,,,,Modelled Estimates,"APHLIS, (2021), APHLIS",https://www.aphlis.net/en/data/tables/value-chain/NG/all-crops/2020?metric=prc&download=csv,,,,True,False,False,True,True,False,False
20069,566,Nigeria,,0118,Millet,2020,2.5,2.5,,Transportation,Farm,,,,Modelled Estimates,"APHLIS, (2021), APHLIS",https://www.aphlis.net/en/data/tables/value-chain/NG/all-crops/2020?metric=prc&download=csv,,,,True,False,False,True,True,True,False
20070,566,Nigeria,,0118,Millet,2020,1.31595,1.31595,,Winnowing,Farm,,,,Modelled Estimates,"APHLIS, (2021), APHLIS",https://www.aphlis.net/en/data/tables/value-chain/NG/all-crops/2020?metric=prc&download=csv,,,,True,False,False,True,True,True,False
20071,566,Nigeria,,0112,Maize (corn),2019,6.42,6.42,,"Drying, Harvesting",Harvest,,,,Modelled Estimates,"APHLIS, (2021), APHLIS",https://www.aphlis.net/en/data/tables/value-chain/NG/all-crops/2019?metric=prc&download=csv,,,,True,False,False,True,True,True,False
20072,566,Nigeria,,0112,Maize (corn),2019,4.71879,4.71879,,Storage,Farm,,,,Modelled Estimates,"APHLIS, (2021), APHLIS",https://www.aphlis.net/en/data/tables/value-chain/NG/all-crops/2019?metric=prc&download=csv,,,,True,False,False,True,True,True,False
20073,566,Nigeria,,0112,Maize (corn),2019,1.32,1.32,,"Shelling, Threshing",,,,,Modelled Estimates,"APHLIS, (2021), APHLIS",https://www.aphlis.net/en/data/tables/value-chain/NG/all-crops/2019?metric=prc&download=csv,,,,True,False,False,True,True,False,False
20074,566,Nigeria,,0112,Maize (corn),2019,2.37289,2.37289,,Transportation,Farm,,,,Modelled Estimates,"APHLIS, (2021), APHLIS",https://www.aphlis.net/en/data/tables/value-chain/NG/all-crops/2019?metric=prc&download=csv,,,,True,False,False,True,True,True,False
20075,566,Nigeria,,0112,Maize (corn),2019,4.0,4,,Drying,Farm,,,,Modelled Estimates,"APHLIS, (2021), APHLIS",https://www.aphlis.net/en/data/tables/value-chain/NG/all-crops/2019?metric=prc&download=csv,,,,True,False,False,True,True,True,False
20076,566,Nigeria,,0113,Rice,2019,4.40333,4.40333,,"Drying, Harvesting",Harvest,,,,Modelled Estimates,"APHLIS, (2021), APHLIS",https://www.aphlis.net/en/data/tables/value-chain/NG/all-crops/2019?metric=prc&download=csv,,,,True,False,False,True,True,True,False
20077,566,Nigeria,,0113,Rice,2019,0.930734,0.930734,,Storage,Farm,,,,Modelled Estimates,"APHLIS, (2021), APHLIS",https://www.aphlis.net/en/data/tables/value-chain/NG/all-crops/2019?metric=prc&download=csv,,,,True,False,False,True,True,True,False
20078,566,Nigeria,,0113,Rice,2019,3.13714,3.13714,,"Shelling, Threshing",,,,,Modelled Estimates,"APHLIS, (2021), APHLIS",https://www.aphlis.net/en/data/tables/value-chain/NG/all-crops/2019?metric=prc&download=csv,,,,True,False,False,True,True,False,False
20079,566,Nigeria,,0113,Rice,2019,1.25,1.25,,Transportation,Farm,,,,Modelled Estimates,"APHLIS, (2021), APHLIS",https://www.aphlis.net/en/data/tables/value-chain/NG/all-crops/2019?metric=prc&download=csv,,,,True,False,False,True,True,True,False
20080,566,Nigeria,,0113,Rice,2019,2.5,2.5,,Winnowing,Farm,,,,Modelled Estimates,"APHLIS, (2021), APHLIS",https://www.aphlis.net/en/data/tables/value-chain/NG/all-crops/2019?metric=prc&download=csv,,,,True,False,False,True,True,True,False
20081,566,Nigeria,,0114,Sorghum,2019,4.55,4.55,,"Drying, Harvesting",Harvest,,,,Modelled Estimates,"APHLIS, (2021), APHLIS",https://www.aphlis.net/en/data/tables/value-chain/NG/all-crops/2019?metric=prc&download=csv,,,,True,False,False,True,True,True,False
20082,566,Nigeria,,0114,Sorghum,2019,2.60477,2.60477,,Storage,Farm,,,,Modelled Estimates,"APHLIS, (2021), APHLIS",https://www.aphlis.net/en/data/tables/value-chain/NG/all-crops/2019?metric=prc&download=csv,,,,True,False,False,True,True,True,False
20083,566,Nigeria,,0114,Sorghum,2019,3.6,3.6,,"Shelling, Threshing",,,,,Modelled Estimates,"APHLIS, (2021), APHLIS",https://www.aphlis.net/en/data/tables/value-chain/NG/all-crops/2019?metric=prc&download=csv,,,,True,False,False,True,True,False,False
20084,566,Nigeria,,0114,Sorghum,2019,2.16667,2.16667,,Transportation,Farm,,,,Modelled Estimates,"APHLIS, (2021), APHLIS",https://www.aphlis.net/en/data/tables/value-chain/NG/all-crops/2019?metric=prc&download=csv,,,,True,False,False,True,True,True,False
20085,566,Nigeria,,0118,Millet,2019,3.5,3.5,,"Drying, Harvesting",Harvest,,,,Modelled Estimates,"APHLIS, (2021), APHLIS",https://www.aphlis.net/en/data/tables/value-chain/NG/all-crops/2019?metric=prc&download=csv,,,,True,False,False,True,True,True,False
20086,566,Nigeria,,0118,Millet,2019,0.851228,0.851228,,Storage,Farm,,,,Modelled Estimates,"APHLIS, (2021), APHLIS",https://www.aphlis.net/en/data/tables/value-chain/NG/all-crops/2019?metric=prc&download=csv,,,,True,False,False,True,True,True,False
20087,566,Nigeria,,0118,Millet,2019,2.0,2,,"Shelling, Threshing",,,,,Modelled Estimates,"APHLIS, (2021), APHLIS",https://www.aphlis.net/en/data/tables/value-chain/NG/all-crops/2019?metric=prc&download=csv,,,,True,False,False,True,True,False,False
20088,566,Nigeria,,0118,Millet,2019,2.5,2.5,,Transportation,Farm,,,,Modelled Estimates,"APHLIS, (2021), APHLIS",https://www.aphlis.net/en/data/tables/value-chain/NG/all-crops/2019?metric=prc&download=csv,,,,True,False,False,True,True,True,False
20089,566,Nigeria,,0118,Millet,2019,1.31663,1.31663,,Winnowing,Farm,,,,Modelled Estimates,"APHLIS, (2021), APHLIS",https://www.aphlis.net/en/data/tables/value-chain/NG/all-crops/2019?metric=prc&download=csv,,,,True,False,False,True,True,True,False
20090,566,Nigeria,Benue,0113,Rice,2019,11.0,11%,,Harvesting,Harvest,,,120,Case Study,"Kok, M.G.; , ; Snel, H.; , , (2019), Food Loss Measurements In The Rice Supply Chain Of Olam Nigeria : Analysis Of The Pilot Study Results",,Losses (in % of input activity) per activity for the different regions,,120.0,True,False,True,False,True,True,False
20091,566,Nigeria,Benue,0113,Rice,2019,6.0,6%,,,Farm,,,120,Case Study,"Kok, M.G.; , ; Snel, H.; , , (2019), Food Loss Measurements In The Rice Supply Chain Of Olam Nigeria : Analysis Of The Pilot Study Results",,Losses (in % of input activity) per activity for the different regions  Heaping,,120.0,True,False,True,False,False,True,False
20092,566,Nigeria,Benue,0113,Rice,2019,11.0,11%,,Threshing,Farm,,,120,Case Study,"Kok, M.G.; , ; Snel, H.; , , (2019), Food Loss Measurements In The Rice Supply Chain Of Olam Nigeria : Analysis Of The Pilot Study Results",,Losses (in % of input activity) per activity for the different regions,,120.0,True,False,True,False,True,True,False
20093,566,Nigeria,Benue,0113,Rice,2019,15.0,15%,,Winnowing,Farm,,,120,Case Study,"Kok, M.G.; , ; Snel, H.; , , (2019), Food Loss Measurements In The Rice Supply Chain Of Olam Nigeria : Analysis Of The Pilot Study Results",,Losses (in % of input activity) per activity for the different regions,,120.0,True,False,True,False,True,True,False
20094,566,Nigeria,Plateau,0113,Rice,2019,15.0,15%,,Harvesting,Harvest,,,120,Case Study,"Kok, M.G.; , ; Snel, H.; , , (2019), Food Loss Measurements In The Rice Supply Chain Of Olam Nigeria : Analysis Of The Pilot Study Results",,Losses (in % of input activity) per activity for the different regions,,120.0,True,False,True,False,True,True,False
20095,566,Nigeria,Plateau,0113,Rice,2019,4.0,4%,,,Farm,,,120,Case Study,"Kok, M.G.; , ; Snel, H.; , , (2019), Food Loss Measurements In The Rice Supply Chain Of Olam Nigeria : Analysis Of The Pilot Study Results",,Losses (in % of input activity) per activity for the different regions  Heaping,,120.0,True,False,True,False,False,True,False
20096,566,Nigeria,Plateau,0113,Rice,2019,18.0,18%,,Threshing,Farm,,,120,Case Study,"Kok, M.G.; , ; Snel, H.; , , (2019), Food Loss Measurements In The Rice Supply Chain Of Olam Nigeria : Analysis Of The Pilot Study Results",,Losses (in % of input activity) per activity for the different regions  Heaping,,120.0,True,False,True,False,True,True,False
20097,566,Nigeria,Plateau,0113,Rice,2019,10.0,10%,,Winnowing,Farm,,,120,Case Study,"Kok, M.G.; , ; Snel, H.; , , (2019), Food Loss Measurements In The Rice Supply Chain Of Olam Nigeria : Analysis Of The Pilot Study Results",,Losses (in % of input activity) per activity for the different regions,,120.0,True,False,True,False,True,True,False
20098,566,Nigeria,Taraba,0113,Rice,2019,9.0,9%,,Harvesting,Harvest,,,120,Case Study,"Kok, M.G.; , ; Snel, H.; , , (2019), Food Loss Measurements In The Rice Supply Chain Of Olam Nigeria : Analysis Of The Pilot Study Results",,Losses (in % of input activity) per activity for the different regions,,120.0,True,False,True,False,True,True,False
20099,566,Nigeria,Taraba,0113,Rice,2019,1.0,1%,,,Farm,,,120,Case Study,"Kok, M.G.; , ; Snel, H.; , , (2019), Food Loss Measurements In The Rice Supply Chain Of Olam Nigeria : Analysis Of The Pilot Study Results",,Losses (in % of input activity) per activity for the different regions  Heaping,,120.0,True,False,True,False,False,True,False
20100,566,Nigeria,Taraba,0113,Rice,2019,11.0,11%,,Threshing,Farm,,,120,Case Study,"Kok, M.G.; , ; Snel, H.; , , (2019), Food Loss Measurements In The Rice Supply Chain Of Olam Nigeria : Analysis Of The Pilot Study Results",,Losses (in % of input activity) per activity for the different regions,,120.0,True,False,True,False,True,True,False
20101,566,Nigeria,Taraba,0113,Rice,2019,6.0,6%,,Winnowing,Farm,,,120,Case Study,"Kok, M.G.; , ; Snel, H.; , , (2019), Food Loss Measurements In The Rice Supply Chain Of Olam Nigeria : Analysis Of The Pilot Study Results",,Losses (in % of input activity) per activity for the different regions,,120.0,True,False,True,False,True,True,False
20102,566,Nigeria,"Benue, Plateau and Taraba regions",0113,Rice,2019,34.0,34%,,,Whole supply chain,,,,Case Study,"Kok, M.G.; , ; Snel, H.; , , (2019), Food Loss Measurements In The Rice Supply Chain Of Olam Nigeria : Analysis Of The Pilot Study Results",,Average loss (as % of actual yield),,,True,False,False,False,False,True,False
20103,566,Nigeria,Benue,0113,Rice,2019,37.0,37%,,,Whole supply chain,,,,Case Study,"Kok, M.G.; , ; Snel, H.; , , (2019), Food Loss Measurements In The Rice Supply Chain Of Olam Nigeria : Analysis Of The Pilot Study Results",,Average loss (as % of actual yield),,,True,False,False,False,False,True,False
20104,566,Nigeria,Plateau,0113,Rice,2019,39.0,39%,,,Whole supply chain,,,,Case Study,"Kok, M.G.; , ; Snel, H.; , , (2019), Food Loss Measurements In The Rice Supply Chain Of Olam Nigeria : Analysis Of The Pilot Study Results",,Average loss (as % of actual yield),,,True,False,False,False,False,True,False
20105,566,Nigeria,Taraba,0113,Rice,2019,25.0,25%,,,Whole supply chain,,,,Case Study,"Kok, M.G.; , ; Snel, H.; , , (2019), Food Loss Measurements In The Rice Supply Chain Of Olam Nigeria : Analysis Of The Pilot Study Results",,Average loss (as % of actual yield),,,True,False,False,False,False,True,False
20106,566,Nigeria,Benue,0113,Rice,2019,11.0,11%,,Harvesting,Harvest,,,,Case Study,"Kok, M.G.; , ; Snel, H.; , , (2019), Food Loss Measurements In The Rice Supply Chain Of Olam Nigeria : Analysis Of The Pilot Study Results",,Average loss (as % of actual yield),,,True,False,False,False,True,True,False
20107,566,Nigeria,Benue,0113,Rice,2019,6.0,6%,,,Farm,,,,Case Study,"Kok, M.G.; , ; Snel, H.; , , (2019), Food Loss Measurements In The Rice Supply Chain Of Olam Nigeria : Analysis Of The Pilot Study Results",,Heaping  Average loss (as % of actual yield),,,True,False,False,False,False,True,False
20108,566,Nigeria,Benue,0113,Rice,2019,9.0,9%,,Threshing,Farm,,,,Case Study,"Kok, M.G.; , ; Snel, H.; , , (2019), Food Loss Measurements In The Rice Supply Chain Of Olam Nigeria : Analysis Of The Pilot Study Results",,Average loss (as % of actual yield),,,True,False,False,False,True,True,False
20109,566,Nigeria,Benue,0113,Rice,2019,11.0,11%,,Winnowing,Farm,,,,Case Study,"Kok, M.G.; , ; Snel, H.; , , (2019), Food Loss Measurements In The Rice Supply Chain Of Olam Nigeria : Analysis Of The Pilot Study Results",,Average loss (as % of actual yield),,,True,False,False,False,True,True,False
20110,566,Nigeria,Plateau,0113,Rice,2019,15.0,15%,,Harvesting,Harvest,,,,Case Study,"Kok, M.G.; , ; Snel, H.; , , (2019), Food Loss Measurements In The Rice Supply Chain Of Olam Nigeria : Analysis Of The Pilot Study Results",,Average loss (as % of actual yield),,,True,False,False,False,True,True,False
20111,566,Nigeria,Plateau,0113,Rice,2019,4.0,4%,,,Farm,,,,Case Study,"Kok, M.G.; , ; Snel, H.; , , (2019), Food Loss Measurements In The Rice Supply Chain Of Olam Nigeria : Analysis Of The Pilot Study Results",,Heaping  Average loss (as % of actual yield),,,True,False,False,False,False,True,False
20112,566,Nigeria,Plateau,0113,Rice,2019,14.0,14%,,Threshing,Farm,,,,Case Study,"Kok, M.G.; , ; Snel, H.; , , (2019), Food Loss Measurements In The Rice Supply Chain Of Olam Nigeria : Analysis Of The Pilot Study Results",,Average loss (as % of actual yield),,,True,False,False,False,True,True,False
20113,566,Nigeria,Taraba,0113,Rice,2019,7.0,7%,,Winnowing,Farm,,,,Case Study,"Kok, M.G.; , ; Snel, H.; , , (2019), Food Loss Measurements In The Rice Supply Chain Of Olam Nigeria : Analysis Of The Pilot Study Results",,Average loss (as % of actual yield),,,True,False,False,False,True,True,False
20114,566,Nigeria,Taraba,0113,Rice,2019,9.0,9%,,Harvesting,Harvest,,,,Case Study,"Kok, M.G.; , ; Snel, H.; , , (2019), Food Loss Measurements In The Rice Supply Chain Of Olam Nigeria : Analysis Of The Pilot Study Results",,Average loss (as % of actual yield),,,True,False,False,False,True,True,False
20115,566,Nigeria,Taraba,0113,Rice,2019,1.0,1%,,,Farm,,,,Case Study,"Kok, M.G.; , ; Snel, H.; , , (2019), Food Loss Measurements In The Rice Supply Chain Of Olam Nigeria : Analysis Of The Pilot Study Results",,Heaping  Average loss (as % of actual yield),,,True,False,False,False,False,True,False
20116,566,Nigeria,Taraba,0113,Rice,2019,10.0,10%,,Threshing,Farm,,,,Case Study,"Kok, M.G.; , ; Snel, H.; , , (2019), Food Loss Measurements In The Rice Supply Chain Of Olam Nigeria : Analysis Of The Pilot Study Results",,Average loss (as % of actual yield),,,True,False,False,False,True,True,False
20117,566,Nigeria,Taraba,0113,Rice,2019,5.0,5%,,Winnowing,Farm,,,,Case Study,"Kok, M.G.; , ; Snel, H.; , , (2019), Food Loss Measurements In The Rice Supply Chain Of Olam Nigeria : Analysis Of The Pilot Study Results",,Average loss (as % of actual yield),,,True,False,False,False,True,True,False
20118,566,Nigeria,"Benue, Plateau and Taraba regions",0113,Rice,2019,12.0,12%,,Harvesting,Harvest,,,120,Case Study,"Kok, M.G.; , ; Snel, H.; , , (2019), Food Loss Measurements In The Rice Supply Chain Of Olam Nigeria : Analysis Of The Pilot Study Results",,Average for all region  Losses (in % of input activity) per activity for the different regions,,120.0,True,False,True,False,True,True,False
20119,566,Nigeria,"Benue, Plateau and Taraba regions",0113,Rice,2019,4.0,4%,,,Farm,,,120,Case Study,"Kok, M.G.; , ; Snel, H.; , , (2019), Food Loss Measurements In The Rice Supply Chain Of Olam Nigeria : Analysis Of The Pilot Study Results",,Heaping  Average for all region  Losses (in % of input activity) per activity for the different regions,,120.0,True,False,True,False,False,True,False
20120,566,Nigeria,"Benue, Plateau and Taraba regions",0113,Rice,2019,12.0,12%,,Harvesting,Harvest,,,,Case Study,"Kok, M.G.; , ; Snel, H.; , , (2019), Food Loss Measurements In The Rice Supply Chain Of Olam Nigeria : Analysis Of The Pilot Study Results",,Average loss (in % of actual yield)  Average of all regions,,,True,False,False,False,True,True,False
20121,566,Nigeria,"Benue, Plateau and Taraba regions",0113,Rice,2019,4.0,4%,,,Farm,,,,Case Study,"Kok, M.G.; , ; Snel, H.; , , (2019), Food Loss Measurements In The Rice Supply Chain Of Olam Nigeria : Analysis Of The Pilot Study Results",,Heaping  Average loss (in % of actual yield)  Average of all regions,,,True,False,False,False,False,True,False
20122,566,Nigeria,"Benue, Plateau and Taraba regions",0113,Rice,2019,11.0,11%,,Threshing,Farm,,,,Case Study,"Kok, M.G.; , ; Snel, H.; , , (2019), Food Loss Measurements In The Rice Supply Chain Of Olam Nigeria : Analysis Of The Pilot Study Results",,Average loss (in % of actual yield)  Average of all regions,,,True,False,False,False,True,True,False
20123,566,Nigeria,"Benue, Plateau and Taraba regions",0113,Rice,2019,8.0,8%,,Winnowing,Farm,,,,Case Study,"Kok, M.G.; , ; Snel, H.; , , (2019), Food Loss Measurements In The Rice Supply Chain Of Olam Nigeria : Analysis Of The Pilot Study Results",,Average loss (in % of actual yield)  Average of all regions,,,True,False,False,False,True,True,False
20124,566,Nigeria,"Benue, Plateau and Taraba regions",0113,Rice,2019,13.0,13%,,Threshing,Farm,,,120,Case Study,"Kok, M.G.; , ; Snel, H.; , , (2019), Food Loss Measurements In The Rice Supply Chain Of Olam Nigeria : Analysis Of The Pilot Study Results",,Average for all region  Losses (in % of input activity) per activity for the different regions,,120.0,True,False,True,False,True,True,False
20125,566,Nigeria,"Benue, Plateau and Taraba regions",0113,Rice,2019,10.0,10%,,Winnowing,Farm,,,120,Case Study,"Kok, M.G.; , ; Snel, H.; , , (2019), Food Loss Measurements In The Rice Supply Chain Of Olam Nigeria : Analysis Of The Pilot Study Results",,Average for all region  Losses (in % of input activity) per activity for the different regions,,120.0,True,False,True,False,True,True,False
20126,566,Nigeria,,0112,Maize (corn),2018,6.42,6.42,,"Drying, Harvesting",Harvest,,,,Modelled Estimates,"APHLIS, (2021), APHLIS",https://www.aphlis.net/en/data/tables/value-chain/NG/all-crops/2018?metric=prc&download=csv,,,,True,False,False,True,True,True,False
20127,566,Nigeria,,0112,Maize (corn),2018,4.58573,4.58573,,Storage,Farm,,,,Modelled Estimates,"APHLIS, (2021), APHLIS",https://www.aphlis.net/en/data/tables/value-chain/NG/all-crops/2018?metric=prc&download=csv,,,,True,False,False,True,True,True,False
20128,566,Nigeria,,0112,Maize (corn),2018,1.32,1.32,,"Shelling, Threshing",,,,,Modelled Estimates,"APHLIS, (2021), APHLIS",https://www.aphlis.net/en/data/tables/value-chain/NG/all-crops/2018?metric=prc&download=csv,,,,True,False,False,True,True,False,False
20129,566,Nigeria,,0112,Maize (corn),2018,2.37259,2.37259,,Transportation,Farm,,,,Modelled Estimates,"APHLIS, (2021), APHLIS",https://www.aphlis.net/en/data/tables/value-chain/NG/all-crops/2018?metric=prc&download=csv,,,,True,False,False,True,True,True,False
20130,566,Nigeria,,0112,Maize (corn),2018,4.0,4,,Drying,Farm,,,,Modelled Estimates,"APHLIS, (2021), APHLIS",https://www.aphlis.net/en/data/tables/value-chain/NG/all-crops/2018?metric=prc&download=csv,,,,True,False,False,True,True,True,False
20131,566,Nigeria,,0113,Rice,2018,4.40333,4.40333,,"Drying, Harvesting",Harvest,,,,Modelled Estimates,"APHLIS, (2021), APHLIS",https://www.aphlis.net/en/data/tables/value-chain/NG/all-crops/2018?metric=prc&download=csv,,,,True,False,False,True,True,True,False
20132,566,Nigeria,,0113,Rice,2018,0.980316,0.980316,,Storage,Farm,,,,Modelled Estimates,"APHLIS, (2021), APHLIS",https://www.aphlis.net/en/data/tables/value-chain/NG/all-crops/2018?metric=prc&download=csv,,,,True,False,False,True,True,True,False
20133,566,Nigeria,,0113,Rice,2018,3.13714,3.13714,,"Shelling, Threshing",,,,,Modelled Estimates,"APHLIS, (2021), APHLIS",https://www.aphlis.net/en/data/tables/value-chain/NG/all-crops/2018?metric=prc&download=csv,,,,True,False,False,True,True,False,False
20134,566,Nigeria,,0113,Rice,2018,1.25,1.25,,Transportation,Farm,,,,Modelled Estimates,"APHLIS, (2021), APHLIS",https://www.aphlis.net/en/data/tables/value-chain/NG/all-crops/2018?metric=prc&download=csv,,,,True,False,False,True,True,True,False
20135,566,Nigeria,,0113,Rice,2018,2.5,2.5,,Winnowing,Farm,,,,Modelled Estimates,"APHLIS, (2021), APHLIS",https://www.aphlis.net/en/data/tables/value-chain/NG/all-crops/2018?metric=prc&download=csv,,,,True,False,False,True,True,True,False
20136,566,Nigeria,,0114,Sorghum,2018,4.55,4.55,,"Drying, Harvesting",Harvest,,,,Modelled Estimates,"APHLIS, (2021), APHLIS",https://www.aphlis.net/en/data/tables/value-chain/NG/all-crops/2018?metric=prc&download=csv,,,,True,False,False,True,True,True,False
20137,566,Nigeria,,0114,Sorghum,2018,2.59295,2.59295,,Storage,Farm,,,,Modelled Estimates,"APHLIS, (2021), APHLIS",https://www.aphlis.net/en/data/tables/value-chain/NG/all-crops/2018?metric=prc&download=csv,,,,True,False,False,True,True,True,False
20138,566,Nigeria,,0114,Sorghum,2018,3.6,3.6,,"Shelling, Threshing",,,,,Modelled Estimates,"APHLIS, (2021), APHLIS",https://www.aphlis.net/en/data/tables/value-chain/NG/all-crops/2018?metric=prc&download=csv,,,,True,False,False,True,True,False,False
20139,566,Nigeria,,0114,Sorghum,2018,2.16667,2.16667,,Transportation,Farm,,,,Modelled Estimates,"APHLIS, (2021), APHLIS",https://www.aphlis.net/en/data/tables/value-chain/NG/all-crops/2018?metric=prc&download=csv,,,,True,False,False,True,True,True,False
20140,566,Nigeria,,0118,Millet,2018,3.5,3.5,,"Drying, Harvesting",Harvest,,,,Modelled Estimates,"APHLIS, (2021), APHLIS",https://www.aphlis.net/en/data/tables/value-chain/NG/all-crops/2018?metric=prc&download=csv,,,,True,False,False,True,True,True,False
20141,566,Nigeria,,0118,Millet,2018,0.793649,0.793649,,Storage,Farm,,,,Modelled Estimates,"APHLIS, (2021), APHLIS",https://www.aphlis.net/en/data/tables/value-chain/NG/all-crops/2018?metric=prc&download=csv,,,,True,False,False,True,True,True,False
20142,566,Nigeria,,0118,Millet,2018,2.0,2,,"Shelling, Threshing",,,,,Modelled Estimates,"APHLIS, (2021), APHLIS",https://www.aphlis.net/en/data/tables/value-chain/NG/all-crops/2018?metric=prc&download=csv,,,,True,False,False,True,True,False,False
20143,566,Nigeria,,0118,Millet,2018,2.5,2.5,,Transportation,Farm,,,,Modelled Estimates,"APHLIS, (2021), APHLIS",https://www.aphlis.net/en/data/tables/value-chain/NG/all-crops/2018?metric=prc&download=csv,,,,True,False,False,True,True,True,False
20144,566,Nigeria,,0118,Millet,2018,1.10317,1.10317,,Winnowing,Farm,,,,Modelled Estimates,"APHLIS, (2021), APHLIS",https://www.aphlis.net/en/data/tables/value-chain/NG/all-crops/2018?metric=prc&download=csv,,,,True,False,False,True,True,True,False
20145,566,Nigeria,,0112,Maize (corn),2017,6.42,6.42,,"Drying, Harvesting",Harvest,,,,Modelled Estimates,"APHLIS, (2021), APHLIS",https://www.aphlis.net/en/data/tables/value-chain/NG/all-crops/2017?metric=prc&download=csv,,,,True,False,False,True,True,True,False
20146,566,Nigeria,,0112,Maize (corn),2017,4.58573,4.58573,,Storage,Farm,,,,Modelled Estimates,"APHLIS, (2021), APHLIS",https://www.aphlis.net/en/data/tables/value-chain/NG/all-crops/2017?metric=prc&download=csv,,,,True,False,False,True,True,True,False
20147,566,Nigeria,,0112,Maize (corn),2017,1.32,1.32,,"Shelling, Threshing",,,,,Modelled Estimates,"APHLIS, (2021), APHLIS",https://www.aphlis.net/en/data/tables/value-chain/NG/all-crops/2017?metric=prc&download=csv,,,,True,False,False,True,True,False,False
20148,566,Nigeria,,0112,Maize (corn),2017,2.37259,2.37259,,Transportation,Farm,,,,Modelled Estimates,"APHLIS, (2021), APHLIS",https://www.aphlis.net/en/data/tables/value-chain/NG/all-crops/2017?metric=prc&download=csv,,,,True,False,False,True,True,True,False
20149,566,Nigeria,,0112,Maize (corn),2017,4.0,4,,Drying,Farm,,,,Modelled Estimates,"APHLIS, (2021), APHLIS",https://www.aphlis.net/en/data/tables/value-chain/NG/all-crops/2017?metric=prc&download=csv,,,,True,False,False,True,True,True,False
20150,566,Nigeria,,0113,Rice,2017,4.40333,4.40333,,"Drying, Harvesting",Harvest,,,,Modelled Estimates,"APHLIS, (2021), APHLIS",https://www.aphlis.net/en/data/tables/value-chain/NG/all-crops/2017?metric=prc&download=csv,,,,True,False,False,True,True,True,False
20151,566,Nigeria,,0113,Rice,2017,0.980316,0.980316,,Storage,Farm,,,,Modelled Estimates,"APHLIS, (2021), APHLIS",https://www.aphlis.net/en/data/tables/value-chain/NG/all-crops/2017?metric=prc&download=csv,,,,True,False,False,True,True,True,False
20152,566,Nigeria,,0113,Rice,2017,3.13714,3.13714,,"Shelling, Threshing",,,,,Modelled Estimates,"APHLIS, (2021), APHLIS",https://www.aphlis.net/en/data/tables/value-chain/NG/all-crops/2017?metric=prc&download=csv,,,,True,False,False,True,True,False,False
20153,566,Nigeria,,0113,Rice,2017,1.25,1.25,,Transportation,Farm,,,,Modelled Estimates,"APHLIS, (2021), APHLIS",https://www.aphlis.net/en/data/tables/value-chain/NG/all-crops/2017?metric=prc&download=csv,,,,True,False,False,True,True,True,False
20154,566,Nigeria,,0113,Rice,2017,2.5,2.5,,Winnowing,Farm,,,,Modelled Estimates,"APHLIS, (2021), APHLIS",https://www.aphlis.net/en/data/tables/value-chain/NG/all-crops/2017?metric=prc&download=csv,,,,True,False,False,True,True,True,False
20155,566,Nigeria,,0114,Sorghum,2017,4.55,4.55,,"Drying, Harvesting",Harvest,,,,Modelled Estimates,"APHLIS, (2021), APHLIS",https://www.aphlis.net/en/data/tables/value-chain/NG/all-crops/2017?metric=prc&download=csv,,,,True,False,False,True,True,True,False
20156,566,Nigeria,,0114,Sorghum,2017,2.59295,2.59295,,Storage,Farm,,,,Modelled Estimates,"APHLIS, (2021), APHLIS",https://www.aphlis.net/en/data/tables/value-chain/NG/all-crops/2017?metric=prc&download=csv,,,,True,False,False,True,True,True,False
20157,566,Nigeria,,0114,Sorghum,2017,3.6,3.6,,"Shelling, Threshing",,,,,Modelled Estimates,"APHLIS, (2021), APHLIS",https://www.aphlis.net/en/data/tables/value-chain/NG/all-crops/2017?metric=prc&download=csv,,,,True,False,False,True,True,False,False
20158,566,Nigeria,,0114,Sorghum,2017,2.16667,2.16667,,Transportation,Farm,,,,Modelled Estimates,"APHLIS, (2021), APHLIS",https://www.aphlis.net/en/data/tables/value-chain/NG/all-crops/2017?metric=prc&download=csv,,,,True,False,False,True,True,True,False
20159,566,Nigeria,,0118,Millet,2017,3.5,3.5,,"Drying, Harvesting",Harvest,,,,Modelled Estimates,"APHLIS, (2021), APHLIS",https://www.aphlis.net/en/data/tables/value-chain/NG/all-crops/2017?metric=prc&download=csv,,,,True,False,False,True,True,True,False
20160,566,Nigeria,,0118,Millet,2017,0.793649,0.793649,,Storage,Farm,,,,Modelled Estimates,"APHLIS, (2021), APHLIS",https://www.aphlis.net/en/data/tables/value-chain/NG/all-crops/2017?metric=prc&download=csv,,,,True,False,False,True,True,True,False
20161,566,Nigeria,,0118,Millet,2017,2.0,2,,"Shelling, Threshing",,,,,Modelled Estimates,"APHLIS, (2021), APHLIS",https://www.aphlis.net/en/data/tables/value-chain/NG/all-crops/2017?metric=prc&download=csv,,,,True,False,False,True,True,False,False
20162,566,Nigeria,,0118,Millet,2017,2.5,2.5,,Transportation,Farm,,,,Modelled Estimates,"APHLIS, (2021), APHLIS",https://www.aphlis.net/en/data/tables/value-chain/NG/all-crops/2017?metric=prc&download=csv,,,,True,False,False,True,True,True,False
20163,566,Nigeria,,0118,Millet,2017,1.10317,1.10317,,Winnowing,Farm,,,,Modelled Estimates,"APHLIS, (2021), APHLIS",https://www.aphlis.net/en/data/tables/value-chain/NG/all-crops/2017?metric=prc&download=csv,,,,True,False,False,True,True,True,False
20164,566,Nigeria,,0112,Maize (corn),2016,4.7,4.7%,,Storage,Storage,,"Insects, mold and moisture","2,010",Survey,"Tahirou Abdoulaye; John Herbert Ainembabazi; Corinne Alexander; Dieudonne Baributsa; Didier Kadjo; Bokar Moussa; Oluwatoba Omotilewa; Jacob Ricker-Gilbert; Feleke Shiferaw, (2016), Postharvest Loss Of Maize And Grain Legumes In Sub-Saharan Africa: Insights From Household Survey Data In Seven Countries",,,,,True,False,False,False,True,True,True
20165,566,Nigeria,,23120.09,Flour of triticale,2016,4.9,4.9%,,Storage,Storage,,"Insects, mold and moisture","2,010",Survey,"Tahirou Abdoulaye; John Herbert Ainembabazi; Corinne Alexander; Dieudonne Baributsa; Didier Kadjo; Bokar Moussa; Oluwatoba Omotilewa; Jacob Ricker-Gilbert; Feleke Shiferaw, (2016), Postharvest Loss Of Maize And Grain Legumes In Sub-Saharan Africa: Insights From Household Survey Data In Seven Countries",,,,,True,False,False,False,True,True,True
20166,566,Nigeria,,01520.02,"Cassava, dry",2016,9.5,9.5%,,"Marketing, Storage, Transportation",Market,Starch Factory,,,Literature Review,"IFPRI, (2016), IFPRI: Global Food Policy Report",,,,,True,False,False,False,True,True,False
20167,566,Nigeria,,01520.02,"Cassava, dry",2016,14.8,14.8%,,Processing,Processing,Gari Processing,,,Literature Review,"IFPRI, (2016), IFPRI: Global Food Policy Report",,,,,True,False,False,False,True,True,False
20168,566,Nigeria,,01520.02,"Cassava, dry",2016,11.8,11.8%,,"Processing, Storage",Processing,Starch Factory,,,Literature Review,"IFPRI, (2016), IFPRI: Global Food Policy Report",,,,,True,False,False,False,True,True,False
20169,566,Nigeria,,01520.02,"Cassava, dry",2016,8.5,8.5%,,"Harvesting, Storage",Farm,,,,Literature Review,"IFPRI, (2016), IFPRI: Global Food Policy Report",,,,,True,False,False,False,True,True,False
20170,566,Nigeria,,0112,Maize (corn),2016,6.42,6.42,,"Drying, Harvesting",Harvest,,,,Modelled Estimates,"APHLIS, (2021), APHLIS",https://www.aphlis.net/en/data/tables/value-chain/NG/all-crops/2016?metric=prc&download=csv,,,,True,False,False,True,True,True,False
20171,566,Nigeria,,0112,Maize (corn),2016,4.58573,4.58573,,Storage,Farm,,,,Modelled Estimates,"APHLIS, (2021), APHLIS",https://www.aphlis.net/en/data/tables/value-chain/NG/all-crops/2016?metric=prc&download=csv,,,,True,False,False,True,True,True,False
20172,566,Nigeria,,0112,Maize (corn),2016,1.32,1.32,,"Shelling, Threshing",,,,,Modelled Estimates,"APHLIS, (2021), APHLIS",https://www.aphlis.net/en/data/tables/value-chain/NG/all-crops/2016?metric=prc&download=csv,,,,True,False,False,True,True,False,False
20173,566,Nigeria,,0112,Maize (corn),2016,2.37259,2.37259,,Transportation,Farm,,,,Modelled Estimates,"APHLIS, (2021), APHLIS",https://www.aphlis.net/en/data/tables/value-chain/NG/all-crops/2016?metric=prc&download=csv,,,,True,False,False,True,True,True,False
20174,566,Nigeria,,0112,Maize (corn),2016,4.0,4,,Drying,Farm,,,,Modelled Estimates,"APHLIS, (2021), APHLIS",https://www.aphlis.net/en/data/tables/value-chain/NG/all-crops/2016?metric=prc&download=csv,,,,True,False,False,True,True,True,False
20175,566,Nigeria,,0113,Rice,2016,4.40333,4.40333,,"Drying, Harvesting",Harvest,,,,Modelled Estimates,"APHLIS, (2021), APHLIS",https://www.aphlis.net/en/data/tables/value-chain/NG/all-crops/2016?metric=prc&download=csv,,,,True,False,False,True,True,True,False
20176,566,Nigeria,,0113,Rice,2016,0.980316,0.980316,,Storage,Farm,,,,Modelled Estimates,"APHLIS, (2021), APHLIS",https://www.aphlis.net/en/data/tables/value-chain/NG/all-crops/2016?metric=prc&download=csv,,,,True,False,False,True,True,True,False
20177,566,Nigeria,,0113,Rice,2016,3.13714,3.13714,,"Shelling, Threshing",,,,,Modelled Estimates,"APHLIS, (2021), APHLIS",https://www.aphlis.net/en/data/tables/value-chain/NG/all-crops/2016?metric=prc&download=csv,,,,True,False,False,True,True,False,False
20178,566,Nigeria,,0113,Rice,2016,1.25,1.25,,Transportation,Farm,,,,Modelled Estimates,"APHLIS, (2021), APHLIS",https://www.aphlis.net/en/data/tables/value-chain/NG/all-crops/2016?metric=prc&download=csv,,,,True,False,False,True,True,True,False
20179,566,Nigeria,,0113,Rice,2016,2.5,2.5,,Winnowing,Farm,,,,Modelled Estimates,"APHLIS, (2021), APHLIS",https://www.aphlis.net/en/data/tables/value-chain/NG/all-crops/2016?metric=prc&download=csv,,,,True,False,False,True,True,True,False
20180,566,Nigeria,,0114,Sorghum,2016,4.55,4.55,,"Drying, Harvesting",Harvest,,,,Modelled Estimates,"APHLIS, (2021), APHLIS",https://www.aphlis.net/en/data/tables/value-chain/NG/all-crops/2016?metric=prc&download=csv,,,,True,False,False,True,True,True,False
20181,566,Nigeria,,0114,Sorghum,2016,2.59295,2.59295,,Storage,Farm,,,,Modelled Estimates,"APHLIS, (2021), APHLIS",https://www.aphlis.net/en/data/tables/value-chain/NG/all-crops/2016?metric=prc&download=csv,,,,True,False,False,True,True,True,False
20182,566,Nigeria,,0114,Sorghum,2016,3.6,3.6,,"Shelling, Threshing",,,,,Modelled Estimates,"APHLIS, (2021), APHLIS",https://www.aphlis.net/en/data/tables/value-chain/NG/all-crops/2016?metric=prc&download=csv,,,,True,False,False,True,True,False,False
20183,566,Nigeria,,0114,Sorghum,2016,2.16667,2.16667,,Transportation,Farm,,,,Modelled Estimates,"APHLIS, (2021), APHLIS",https://www.aphlis.net/en/data/tables/value-chain/NG/all-crops/2016?metric=prc&download=csv,,,,True,False,False,True,True,True,False
20184,566,Nigeria,,0118,Millet,2016,3.5,3.5,,"Drying, Harvesting",Harvest,,,,Modelled Estimates,"APHLIS, (2021), APHLIS",https://www.aphlis.net/en/data/tables/value-chain/NG/all-crops/2016?metric=prc&download=csv,,,,True,False,False,True,True,True,False
20185,566,Nigeria,,0118,Millet,2016,0.793649,0.793649,,Storage,Farm,,,,Modelled Estimates,"APHLIS, (2021), APHLIS",https://www.aphlis.net/en/data/tables/value-chain/NG/all-crops/2016?metric=prc&download=csv,,,,True,False,False,True,True,True,False
20186,566,Nigeria,,0118,Millet,2016,2.0,2,,"Shelling, Threshing",,,,,Modelled Estimates,"APHLIS, (2021), APHLIS",https://www.aphlis.net/en/data/tables/value-chain/NG/all-crops/2016?metric=prc&download=csv,,,,True,False,False,True,True,False,False
20187,566,Nigeria,,0118,Millet,2016,2.5,2.5,,Transportation,Farm,,,,Modelled Estimates,"APHLIS, (2021), APHLIS",https://www.aphlis.net/en/data/tables/value-chain/NG/all-crops/2016?metric=prc&download=csv,,,,True,False,False,True,True,True,False
20188,566,Nigeria,,0118,Millet,2016,1.10317,1.10317,,Winnowing,Farm,,,,Modelled Estimates,"APHLIS, (2021), APHLIS",https://www.aphlis.net/en/data/tables/value-chain/NG/all-crops/2016?metric=prc&download=csv,,,,True,False,False,True,True,True,False
20189,566,Nigeria,,0113,Rice,2016,24.9,24.9%,,,Post-harvest,,,,Literature Review,"Deepak Kumar; Prasanta Kalita, (2017), Reducing Postharvest Losses During Storage Of Grain Crops To Strengthen Food Security In Developing Countries",,,,,True,False,False,False,False,True,False
20190,566,Nigeria,Ogun state,01520.01,"Cassava, fresh",2016,3.5,2-5%,"900,000 - 2,250,000 tonnes","Harvesting, Marketing, Storage, Transportation",Whole supply chain,,,,Case Study,"COMCEC, (2016), Reducing On-Farm Food Losses In The OIC Member Countries",,,,,True,False,False,False,True,True,False
20191,566,Nigeria,Ogun state,01530,Sweet potatoes,2016,3.5,2 - 5%,"69,000 - 172,000 tonnes","Harvesting, Marketing, Storage, Transportation",Whole supply chain,,,,Case Study,"COMCEC, (2016), Reducing On-Farm Food Losses In The OIC Member Countries",,,,,True,False,False,False,True,True,False
20192,566,Nigeria,,0112,Maize (corn),2015,6.42,6.42,,"Drying, Harvesting",Harvest,,,,Modelled Estimates,"APHLIS, (2021), APHLIS",https://www.aphlis.net/en/data/tables/value-chain/NG/all-crops/2015?metric=prc&download=csv,,,,True,False,False,True,True,True,False
20193,566,Nigeria,,0112,Maize (corn),2015,4.67264,4.67264,,Storage,Farm,,,,Modelled Estimates,"APHLIS, (2021), APHLIS",https://www.aphlis.net/en/data/tables/value-chain/NG/all-crops/2015?metric=prc&download=csv,,,,True,False,False,True,True,True,False
20194,566,Nigeria,,0112,Maize (corn),2015,1.32,1.32,,"Shelling, Threshing",,,,,Modelled Estimates,"APHLIS, (2021), APHLIS",https://www.aphlis.net/en/data/tables/value-chain/NG/all-crops/2015?metric=prc&download=csv,,,,True,False,False,True,True,False,False
20195,566,Nigeria,,0112,Maize (corn),2015,2.37317,2.37317,,Transportation,Farm,,,,Modelled Estimates,"APHLIS, (2021), APHLIS",https://www.aphlis.net/en/data/tables/value-chain/NG/all-crops/2015?metric=prc&download=csv,,,,True,False,False,True,True,True,False
20196,566,Nigeria,,0112,Maize (corn),2015,4.0,4,,Drying,Farm,,,,Modelled Estimates,"APHLIS, (2021), APHLIS",https://www.aphlis.net/en/data/tables/value-chain/NG/all-crops/2015?metric=prc&download=csv,,,,True,False,False,True,True,True,False
20197,566,Nigeria,,0113,Rice,2015,4.40333,4.40333,,"Drying, Harvesting",Harvest,,,,Modelled Estimates,"APHLIS, (2021), APHLIS",https://www.aphlis.net/en/data/tables/value-chain/NG/all-crops/2015?metric=prc&download=csv,,,,True,False,False,True,True,True,False
20198,566,Nigeria,,0113,Rice,2015,0.950281,0.950281,,Storage,Farm,,,,Modelled Estimates,"APHLIS, (2021), APHLIS",https://www.aphlis.net/en/data/tables/value-chain/NG/all-crops/2015?metric=prc&download=csv,,,,True,False,False,True,True,True,False
20199,566,Nigeria,,0113,Rice,2015,3.13714,3.13714,,"Shelling, Threshing",,,,,Modelled Estimates,"APHLIS, (2021), APHLIS",https://www.aphlis.net/en/data/tables/value-chain/NG/all-crops/2015?metric=prc&download=csv,,,,True,False,False,True,True,False,False
20200,566,Nigeria,,0113,Rice,2015,1.25,1.25,,Transportation,Farm,,,,Modelled Estimates,"APHLIS, (2021), APHLIS",https://www.aphlis.net/en/data/tables/value-chain/NG/all-crops/2015?metric=prc&download=csv,,,,True,False,False,True,True,True,False
20201,566,Nigeria,,0113,Rice,2015,2.5,2.5,,Winnowing,Farm,,,,Modelled Estimates,"APHLIS, (2021), APHLIS",https://www.aphlis.net/en/data/tables/value-chain/NG/all-crops/2015?metric=prc&download=csv,,,,True,False,False,True,True,True,False
20202,566,Nigeria,,0114,Sorghum,2015,4.55,4.55,,"Drying, Harvesting",Harvest,,,,Modelled Estimates,"APHLIS, (2021), APHLIS",https://www.aphlis.net/en/data/tables/value-chain/NG/all-crops/2015?metric=prc&download=csv,,,,True,False,False,True,True,True,False
20203,566,Nigeria,,0114,Sorghum,2015,2.59898,2.59898,,Storage,Farm,,,,Modelled Estimates,"APHLIS, (2021), APHLIS",https://www.aphlis.net/en/data/tables/value-chain/NG/all-crops/2015?metric=prc&download=csv,,,,True,False,False,True,True,True,False
20204,566,Nigeria,,0114,Sorghum,2015,3.6,3.6,,"Shelling, Threshing",,,,,Modelled Estimates,"APHLIS, (2021), APHLIS",https://www.aphlis.net/en/data/tables/value-chain/NG/all-crops/2015?metric=prc&download=csv,,,,True,False,False,True,True,False,False
20205,566,Nigeria,,0114,Sorghum,2015,2.16667,2.16667,,Transportation,Farm,,,,Modelled Estimates,"APHLIS, (2021), APHLIS",https://www.aphlis.net/en/data/tables/value-chain/NG/all-crops/2015?metric=prc&download=csv,,,,True,False,False,True,True,True,False
20206,566,Nigeria,,0118,Millet,2015,3.5,3.5,,"Drying, Harvesting",Harvest,,,,Modelled Estimates,"APHLIS, (2021), APHLIS",https://www.aphlis.net/en/data/tables/value-chain/NG/all-crops/2015?metric=prc&download=csv,,,,True,False,False,True,True,True,False
20207,566,Nigeria,,0118,Millet,2015,0.903186,0.903186,,Storage,Farm,,,,Modelled Estimates,"APHLIS, (2021), APHLIS",https://www.aphlis.net/en/data/tables/value-chain/NG/all-crops/2015?metric=prc&download=csv,,,,True,False,False,True,True,True,False
20208,566,Nigeria,,0118,Millet,2015,2.0,2,,"Shelling, Threshing",,,,,Modelled Estimates,"APHLIS, (2021), APHLIS",https://www.aphlis.net/en/data/tables/value-chain/NG/all-crops/2015?metric=prc&download=csv,,,,True,False,False,True,True,False,False
20209,566,Nigeria,,0118,Millet,2015,2.5,2.5,,Transportation,Farm,,,,Modelled Estimates,"APHLIS, (2021), APHLIS",https://www.aphlis.net/en/data/tables/value-chain/NG/all-crops/2015?metric=prc&download=csv,,,,True,False,False,True,True,True,False
20210,566,Nigeria,,0118,Millet,2015,1.50847,1.50847,,Winnowing,Farm,,,,Modelled Estimates,"APHLIS, (2021), APHLIS",https://www.aphlis.net/en/data/tables/value-chain/NG/all-crops/2015?metric=prc&download=csv,,,,True,False,False,True,True,True,False
20211,566,Nigeria,,01234,Tomatoes,2015,20.0,20%,,Farm,Farm,,,,Literature Review,"Lisa Kitinoja; Adel A. Kader, (2015), Measuring Postharvest Losses Of Fresh Fruits And Vegetables In Developing Countries",,Sourced from Tröger et al 2007,,,True,False,False,False,True,True,False
20212,566,Nigeria,,01234,Tomatoes,2015,28.0,28%,,Transportation,Transport,,,,Literature Review,"Lisa Kitinoja; Adel A. Kader, (2015), Measuring Postharvest Losses Of Fresh Fruits And Vegetables In Developing Countries",,Sourced from Tröger et al 2007,,,True,False,False,False,True,True,False
20213,566,Nigeria,,01540,Yams,2015,12.4,12.4%,,Transportation,Transport,,,,Literature Review,"Lisa Kitinoja; Adel A. Kader, (2015), Measuring Postharvest Losses Of Fresh Fruits And Vegetables In Developing Countries",,Sourced from Okoh 1997,,,True,False,False,False,True,True,False
20214,566,Nigeria,,01520.01,"Cassava, fresh",2015,1.0,1,,,Transport,,,,Literature Review,"COMCEC, (2016), Reducing Postharvest Losses In The Oic Member Countries",http://www.mod.gov.tr/Lists/RecentPublications/Attachments/120/Reducing%20Postharvest%20Losses%20in%20the%20OIC%20Member%20Countries.pdf,,,,True,False,False,True,False,True,False
20215,566,Nigeria,,01520.01,"Cassava, fresh",2015,6.5,5.0-8,,,Processing,,due to delays in processing and account for 80% of all physical losses in the value chain,,Literature Review,"COMCEC, (2016), Reducing Postharvest Losses In The Oic Member Countries",http://www.mod.gov.tr/Lists/RecentPublications/Attachments/120/Reducing%20Postharvest%20Losses%20in%20the%20OIC%20Member%20Countries.pdf,,,,True,False,False,True,False,True,True
20216,566,Nigeria,,01520.01,"Cassava, fresh",2015,1.0,1,,,Farm,,,,Literature Review,"COMCEC, (2016), Reducing Postharvest Losses In The Oic Member Countries",http://www.mod.gov.tr/Lists/RecentPublications/Attachments/120/Reducing%20Postharvest%20Losses%20in%20the%20OIC%20Member%20Countries.pdf,,,,True,False,False,True,False,True,False
20217,566,Nigeria,,01520.01,"Cassava, fresh",2015,4.0,1.0-7,,,Farm,,,,Literature Review,"COMCEC, (2016), Reducing Postharvest Losses In The Oic Member Countries",http://www.mod.gov.tr/Lists/RecentPublications/Attachments/120/Reducing%20Postharvest%20Losses%20in%20the%20OIC%20Member%20Countries.pdf,,,,True,False,False,True,False,True,False
20218,566,Nigeria,,0112,Maize (corn),2014,6.42,6.42,,"Drying, Harvesting",Harvest,,,,Modelled Estimates,"APHLIS, (2021), APHLIS",https://www.aphlis.net/en/data/tables/value-chain/NG/all-crops/2014?metric=prc&download=csv,,,,True,False,False,True,True,True,False
20219,566,Nigeria,,0112,Maize (corn),2014,4.67193,4.67193,,Storage,Farm,,,,Modelled Estimates,"APHLIS, (2021), APHLIS",https://www.aphlis.net/en/data/tables/value-chain/NG/all-crops/2014?metric=prc&download=csv,,,,True,False,False,True,True,True,False
20220,566,Nigeria,,0112,Maize (corn),2014,1.32,1.32,,"Shelling, Threshing",,,,,Modelled Estimates,"APHLIS, (2021), APHLIS",https://www.aphlis.net/en/data/tables/value-chain/NG/all-crops/2014?metric=prc&download=csv,,,,True,False,False,True,True,False,False
20221,566,Nigeria,,0112,Maize (corn),2014,2.37285,2.37285,,Transportation,Farm,,,,Modelled Estimates,"APHLIS, (2021), APHLIS",https://www.aphlis.net/en/data/tables/value-chain/NG/all-crops/2014?metric=prc&download=csv,,,,True,False,False,True,True,True,False
20222,566,Nigeria,,0112,Maize (corn),2014,4.0,4,,Drying,Farm,,,,Modelled Estimates,"APHLIS, (2021), APHLIS",https://www.aphlis.net/en/data/tables/value-chain/NG/all-crops/2014?metric=prc&download=csv,,,,True,False,False,True,True,True,False
20223,566,Nigeria,,0113,Rice,2014,4.40333,4.40333,,"Drying, Harvesting",Harvest,,,,Modelled Estimates,"APHLIS, (2021), APHLIS",https://www.aphlis.net/en/data/tables/value-chain/NG/all-crops/2014?metric=prc&download=csv,,,,True,False,False,True,True,True,False
20224,566,Nigeria,,0113,Rice,2014,0.938546,0.938546,,Storage,Farm,,,,Modelled Estimates,"APHLIS, (2021), APHLIS",https://www.aphlis.net/en/data/tables/value-chain/NG/all-crops/2014?metric=prc&download=csv,,,,True,False,False,True,True,True,False
20225,566,Nigeria,,0113,Rice,2014,3.13714,3.13714,,"Shelling, Threshing",,,,,Modelled Estimates,"APHLIS, (2021), APHLIS",https://www.aphlis.net/en/data/tables/value-chain/NG/all-crops/2014?metric=prc&download=csv,,,,True,False,False,True,True,False,False
20226,566,Nigeria,,0113,Rice,2014,1.25,1.25,,Transportation,Farm,,,,Modelled Estimates,"APHLIS, (2021), APHLIS",https://www.aphlis.net/en/data/tables/value-chain/NG/all-crops/2014?metric=prc&download=csv,,,,True,False,False,True,True,True,False
20227,566,Nigeria,,0113,Rice,2014,2.5,2.5,,Winnowing,Farm,,,,Modelled Estimates,"APHLIS, (2021), APHLIS",https://www.aphlis.net/en/data/tables/value-chain/NG/all-crops/2014?metric=prc&download=csv,,,,True,False,False,True,True,True,False
20228,566,Nigeria,,0114,Sorghum,2014,4.55,4.55,,"Drying, Harvesting",Harvest,,,,Modelled Estimates,"APHLIS, (2021), APHLIS",https://www.aphlis.net/en/data/tables/value-chain/NG/all-crops/2014?metric=prc&download=csv,,,,True,False,False,True,True,True,False
20229,566,Nigeria,,0114,Sorghum,2014,2.59755,2.59755,,Storage,Farm,,,,Modelled Estimates,"APHLIS, (2021), APHLIS",https://www.aphlis.net/en/data/tables/value-chain/NG/all-crops/2014?metric=prc&download=csv,,,,True,False,False,True,True,True,False
20230,566,Nigeria,,0114,Sorghum,2014,3.6,3.6,,"Shelling, Threshing",,,,,Modelled Estimates,"APHLIS, (2021), APHLIS",https://www.aphlis.net/en/data/tables/value-chain/NG/all-crops/2014?metric=prc&download=csv,,,,True,False,False,True,True,False,False
20231,566,Nigeria,,0114,Sorghum,2014,2.16667,2.16667,,Transportation,Farm,,,,Modelled Estimates,"APHLIS, (2021), APHLIS",https://www.aphlis.net/en/data/tables/value-chain/NG/all-crops/2014?metric=prc&download=csv,,,,True,False,False,True,True,True,False
20232,566,Nigeria,,0118,Millet,2014,3.5,3.5,,"Drying, Harvesting",Harvest,,,,Modelled Estimates,"APHLIS, (2021), APHLIS",https://www.aphlis.net/en/data/tables/value-chain/NG/all-crops/2014?metric=prc&download=csv,,,,True,False,False,True,True,True,False
20233,566,Nigeria,,0118,Millet,2014,0.88209,0.88209,,Storage,Farm,,,,Modelled Estimates,"APHLIS, (2021), APHLIS",https://www.aphlis.net/en/data/tables/value-chain/NG/all-crops/2014?metric=prc&download=csv,,,,True,False,False,True,True,True,False
20234,566,Nigeria,,0118,Millet,2014,2.0,2,,"Shelling, Threshing",,,,,Modelled Estimates,"APHLIS, (2021), APHLIS",https://www.aphlis.net/en/data/tables/value-chain/NG/all-crops/2014?metric=prc&download=csv,,,,True,False,False,True,True,False,False
20235,566,Nigeria,,0118,Millet,2014,2.5,2.5,,Transportation,Farm,,,,Modelled Estimates,"APHLIS, (2021), APHLIS",https://www.aphlis.net/en/data/tables/value-chain/NG/all-crops/2014?metric=prc&download=csv,,,,True,False,False,True,True,True,False
20236,566,Nigeria,,0118,Millet,2014,1.43067,1.43067,,Winnowing,Farm,,,,Modelled Estimates,"APHLIS, (2021), APHLIS",https://www.aphlis.net/en/data/tables/value-chain/NG/all-crops/2014?metric=prc&download=csv,,,,True,False,False,True,True,True,False
20237,566,Nigeria,Kogi and Niger lowlands,0113,Rice,2014,0.34,0.34,,,Transport,,Paddy Ricepaddy From Field To Home,"211 farmers, 32 marketers and 32 millers were interviewed.",Survey,"Federal Ministry of Economic Cooperation; Development, (2015), Post-Harvest Losses Of Rice In Nigeria And Their Ecological Footprint",https://www.giz.de/fachexpertise/downloads/giz2014-en-post-harvest-losses-of-rice-in-nigeria-and-their-ecological-footprint.pdf,,,,True,False,False,True,False,True,True
20238,566,Nigeria,Kogi and Niger lowlands,0113,Rice,2014,2.27,2.27,,,Transport,,Milled Rice; Transport From Mil To Home,"211 farmers, 32 marketers and 32 millers were interviewed.",Survey,"Federal Ministry of Economic Cooperation; Development, (2015), Post-Harvest Losses Of Rice In Nigeria And Their Ecological Footprint",https://www.giz.de/fachexpertise/downloads/giz2014-en-post-harvest-losses-of-rice-in-nigeria-and-their-ecological-footprint.pdf,,,,True,False,False,True,False,True,True
20239,566,Nigeria,Kogi and Niger lowlands,0113,Rice,2014,1.53,1.53,,,Storage,,Paddy Rice -Drying And Storage,"211 farmers, 32 marketers and 32 millers were interviewed.",Survey,"Federal Ministry of Economic Cooperation; Development, (2015), Post-Harvest Losses Of Rice In Nigeria And Their Ecological Footprint",https://www.giz.de/fachexpertise/downloads/giz2014-en-post-harvest-losses-of-rice-in-nigeria-and-their-ecological-footprint.pdf,,,,True,False,False,True,False,True,True
20240,566,Nigeria,Kogi and Niger lowlands,0113,Rice,2014,2.98,2.98,,,Storage,,Milled Rice; Storage In Store,"211 farmers, 32 marketers and 32 millers were interviewed.",Survey,"Federal Ministry of Economic Cooperation; Development, (2015), Post-Harvest Losses Of Rice In Nigeria And Their Ecological Footprint",https://www.giz.de/fachexpertise/downloads/giz2014-en-post-harvest-losses-of-rice-in-nigeria-and-their-ecological-footprint.pdf,,,,True,False,False,True,False,True,True
20241,566,Nigeria,Kogi and Niger lowlands,0113,Rice,2014,2.37,2.37,,,Transport,,Traditional Milling; Transport To Mill,"211 farmers, 32 marketers and 32 millers were interviewed.",Survey,"Federal Ministry of Economic Cooperation; Development, (2015), Post-Harvest Losses Of Rice In Nigeria And Their Ecological Footprint",https://www.giz.de/fachexpertise/downloads/giz2014-en-post-harvest-losses-of-rice-in-nigeria-and-their-ecological-footprint.pdf,,,,True,False,False,True,False,True,True
20242,566,Nigeria,Kogi and Niger lowlands,0113,Rice,2014,4.43,4.43,,,Harvest,,Paddy Rice Harvesting,"211 farmers, 32 marketers and 32 millers were interviewed.",Survey,"Federal Ministry of Economic Cooperation; Development, (2015), Post-Harvest Losses Of Rice In Nigeria And Their Ecological Footprint",https://www.giz.de/fachexpertise/downloads/giz2014-en-post-harvest-losses-of-rice-in-nigeria-and-their-ecological-footprint.pdf,,,,True,False,False,True,False,True,True
20243,566,Nigeria,Kogi and Niger lowlands,0113,Rice,2014,0.52,0.52,,,Storage,,Parboiled Rice Storage,"211 farmers, 32 marketers and 32 millers were interviewed.",Survey,"Federal Ministry of Economic Cooperation; Development, (2015), Post-Harvest Losses Of Rice In Nigeria And Their Ecological Footprint",https://www.giz.de/fachexpertise/downloads/giz2014-en-post-harvest-losses-of-rice-in-nigeria-and-their-ecological-footprint.pdf,,,,True,False,False,True,False,True,True
20244,566,Nigeria,Kogi and Niger lowlands,0113,Rice,2014,1.14,1.14,,,Storage,,Milled Rice; Storage After Milling,"211 farmers, 32 marketers and 32 millers were interviewed.",Survey,"Federal Ministry of Economic Cooperation; Development, (2015), Post-Harvest Losses Of Rice In Nigeria And Their Ecological Footprint",https://www.giz.de/fachexpertise/downloads/giz2014-en-post-harvest-losses-of-rice-in-nigeria-and-their-ecological-footprint.pdf,,,,True,False,False,True,False,True,True
20245,566,Nigeria,Kogi and Niger lowlands,0113,Rice,2014,1.16,1.16,,,Storage,,Traditional Milling; Storage Before Milling,"211 farmers, 32 marketers and 32 millers were interviewed.",Survey,"Federal Ministry of Economic Cooperation; Development, (2015), Post-Harvest Losses Of Rice In Nigeria And Their Ecological Footprint",https://www.giz.de/fachexpertise/downloads/giz2014-en-post-harvest-losses-of-rice-in-nigeria-and-their-ecological-footprint.pdf,,,,True,False,False,True,False,True,True
20246,566,Nigeria,Kogi and Niger lowlands,0113,Rice,2014,3.6,3.6,,,Processing,,Parboiled Ricedrying,"211 farmers, 32 marketers and 32 millers were interviewed.",Survey,"Federal Ministry of Economic Cooperation; Development, (2015), Post-Harvest Losses Of Rice In Nigeria And Their Ecological Footprint",https://www.giz.de/fachexpertise/downloads/giz2014-en-post-harvest-losses-of-rice-in-nigeria-and-their-ecological-footprint.pdf,,,,True,False,False,True,False,True,True
20247,566,Nigeria,Kogi and Niger lowlands,0113,Rice,2014,0.4,0.4,,,Transport,,Milled Rice; Transport From Mil To Home,"211 farmers, 32 marketers and 32 millers were interviewed.",Survey,"Federal Ministry of Economic Cooperation; Development, (2015), Post-Harvest Losses Of Rice In Nigeria And Their Ecological Footprint",https://www.giz.de/fachexpertise/downloads/giz2014-en-post-harvest-losses-of-rice-in-nigeria-and-their-ecological-footprint.pdf,,,,True,False,False,True,False,True,True
20248,566,Nigeria,Kogi and Niger lowlands,0113,Rice,2014,1.07,1.07,,,Farm,,Parboiled Rice Parboiling,"211 farmers, 32 marketers and 32 millers were interviewed.",Survey,"Federal Ministry of Economic Cooperation; Development, (2015), Post-Harvest Losses Of Rice In Nigeria And Their Ecological Footprint",https://www.giz.de/fachexpertise/downloads/giz2014-en-post-harvest-losses-of-rice-in-nigeria-and-their-ecological-footprint.pdf,,,,True,False,False,True,False,True,True
20249,566,Nigeria,Kogi and Niger lowlands,0113,Rice,2014,0.75,0.75,,,Transport,,Milled Rice; Milled Rice From Home To Market,"211 farmers, 32 marketers and 32 millers were interviewed.",Survey,"Federal Ministry of Economic Cooperation; Development, (2015), Post-Harvest Losses Of Rice In Nigeria And Their Ecological Footprint",https://www.giz.de/fachexpertise/downloads/giz2014-en-post-harvest-losses-of-rice-in-nigeria-and-their-ecological-footprint.pdf,,,,True,False,False,True,False,True,True
20250,566,Nigeria,Kogi and Niger lowlands,0113,Rice,2014,0.87,0.87,,,Processing,,Traditional Milling,"211 farmers, 32 marketers and 32 millers were interviewed.",Survey,"Federal Ministry of Economic Cooperation; Development, (2015), Post-Harvest Losses Of Rice In Nigeria And Their Ecological Footprint",https://www.giz.de/fachexpertise/downloads/giz2014-en-post-harvest-losses-of-rice-in-nigeria-and-their-ecological-footprint.pdf,,,,True,False,False,True,False,True,True
20251,566,Nigeria,Kogi and Niger lowlands,0113,Rice,2014,0.12,0.12,,,Transport,,Paddy Ricepaddy From Storage To Market,"211 farmers, 32 marketers and 32 millers were interviewed.",Survey,"Federal Ministry of Economic Cooperation; Development, (2015), Post-Harvest Losses Of Rice In Nigeria And Their Ecological Footprint",https://www.giz.de/fachexpertise/downloads/giz2014-en-post-harvest-losses-of-rice-in-nigeria-and-their-ecological-footprint.pdf,,,,True,False,False,True,False,True,True
20252,566,Nigeria,Kogi and Niger lowlands,0113,Rice,2014,4.97,4.97,,Threshing,Farm,,Paddy Rice Threshing And Winnowing,"211 farmers, 32 marketers and 32 millers were interviewed.",Survey,"Federal Ministry of Economic Cooperation; Development, (2015), Post-Harvest Losses Of Rice In Nigeria And Their Ecological Footprint",https://www.giz.de/fachexpertise/downloads/giz2014-en-post-harvest-losses-of-rice-in-nigeria-and-their-ecological-footprint.pdf,,,,True,False,False,True,True,True,True
20253,566,Nigeria,,0112,Maize (corn),2014,23.1,23.1%,745kgs,Farm,Farm,,,,Literature Review,"(2022), Post Harvest Losses And Food Security In Nigeria: An Empirical Review",,"Source: NISER Post Harvest Food Loss Survey, 2013/2014",,,True,False,False,False,True,True,False
20254,566,Nigeria,,0112,Maize (corn),2014,3.7,3.7%,"6,040kgs",Processing,Processing,,,,Literature Review,"(2022), Post Harvest Losses And Food Security In Nigeria: An Empirical Review",,"Source: NISER Post Harvest Food Loss Survey, 2013/2014",,,True,False,False,False,True,True,False
20255,566,Nigeria,,0112,Maize (corn),2014,5.7,5.7%,"8,799kgs",Marketing,Market,,,,Literature Review,"(2022), Post Harvest Losses And Food Security In Nigeria: An Empirical Review",,"Source: NISER Post Harvest Food Loss Survey, 2013/2014",,,True,False,False,False,True,True,False
20256,566,Nigeria,,0113,Rice,2014,21.6,21.6%,"62,544.8kgs",Farm,Farm,,,,Literature Review,"(2022), Post Harvest Losses And Food Security In Nigeria: An Empirical Review",,"Source: NISER Post Harvest Food Loss Survey, 2013/2014",,,True,False,False,False,True,True,False
20257,566,Nigeria,,0113,Rice,2014,8.0,8.0%,"25,837kgs",Processing,Processing,,,,Literature Review,"(2022), Post Harvest Losses And Food Security In Nigeria: An Empirical Review",,"Source: NISER Post Harvest Food Loss Survey, 2013/2014",,,True,False,False,False,True,True,False
20258,566,Nigeria,,0113,Rice,2014,7.3,7.3%,"8,381kgs",Marketing,Market,,,,Literature Review,"(2022), Post Harvest Losses And Food Security In Nigeria: An Empirical Review",,"Source: NISER Post Harvest Food Loss Survey, 2013/2014",,,True,False,False,False,True,True,False
20259,566,Nigeria,,01520.02,"Cassava, dry",2014,22.6,22.6%,"2,388kgs",Farm,Farm,,,,Literature Review,"(2022), Post Harvest Losses And Food Security In Nigeria: An Empirical Review",,"Source: NISER Post Harvest Food Loss Survey, 2013/2014",,,True,False,False,False,True,True,False
20260,566,Nigeria,,01520.02,"Cassava, dry",2014,1.8,1.8%,"50,131kgs",Processing,Processing,,,,Literature Review,"(2022), Post Harvest Losses And Food Security In Nigeria: An Empirical Review",,"Source: NISER Post Harvest Food Loss Survey, 2013/2014",,,True,False,False,False,True,True,False
20261,566,Nigeria,,01520.02,"Cassava, dry",2014,5.1,5.1%,"49,322kgs",Marketing,Market,,,,Literature Review,"(2022), Post Harvest Losses And Food Security In Nigeria: An Empirical Review",,"Source: NISER Post Harvest Food Loss Survey, 2013/2014",,,True,False,False,False,True,True,False
20262,566,Nigeria,,01540,Yams,2014,0.2,0.2%,694kgs,Processing,Processing,,,,Literature Review,"(2022), Post Harvest Losses And Food Security In Nigeria: An Empirical Review",,"Source: NISER Post Harvest Food Loss Survey, 2013/2014",,,True,False,False,False,True,True,False
20263,566,Nigeria,,01540,Yams,2014,6.4,6.4%,"1,150kgs",Marketing,Market,,,,Literature Review,"(2022), Post Harvest Losses And Food Security In Nigeria: An Empirical Review",,"Source: NISER Post Harvest Food Loss Survey, 2013/2014",,,True,False,False,False,True,True,False
20264,566,Nigeria,,01540,Yams,2014,24.8,24.8%,"1,175kgs",Farm,Farm,,,,Literature Review,"(2022), Post Harvest Losses And Food Security In Nigeria: An Empirical Review",,"Source: NISER Post Harvest Food Loss Survey, 2013/2014",,,True,False,False,False,True,True,False
20265,566,Nigeria,,01706,"Cow peas, dry",2014,30.7,30.7%,182kgs,Farm,Farm,,,,Literature Review,"(2022), Post Harvest Losses And Food Security In Nigeria: An Empirical Review",,"Source: NISER Post Harvest Food Loss Survey, 2013/2014",,,True,False,False,False,True,True,False
20266,566,Nigeria,,01706,"Cow peas, dry",2014,1.5,1.5%,797kgs,Processing,Processing,,,,Literature Review,"(2022), Post Harvest Losses And Food Security In Nigeria: An Empirical Review",,"Source: NISER Post Harvest Food Loss Survey, 2013/2014",,,True,False,False,False,True,True,False
20267,566,Nigeria,,01706,"Cow peas, dry",2014,4.2,4.2%,"4,447kgs",Marketing,Market,,,,Literature Review,"(2022), Post Harvest Losses And Food Security In Nigeria: An Empirical Review",,"Source: NISER Post Harvest Food Loss Survey, 2013/2014",,,True,False,False,False,True,True,False
20268,566,Nigeria,,01520.01,"Cassava, fresh",2014,0.5,0.5%,33822,Farm,Farm,Fresh roots,,,Survey,"Diego Naziri a; Wilhelmina Quaye b; Bernard Siwoku; Sittichoke Wanlapatit; Tu Viet Phu; Ben Bennett, (2014), The Diversity Of Postharvest Losses In Cassava Value Chains In Selected Developing Countries",,,33822.0,,True,True,False,False,True,True,False
20269,566,Nigeria,,23170.01,Flour of cassava,2014,0.5,0.5%,,"Handling, Trading, Transportation",Transport,Gari,,,Survey,"Diego Naziri a; Wilhelmina Quaye b; Bernard Siwoku; Sittichoke Wanlapatit; Tu Viet Phu; Ben Bennett, (2014), The Diversity Of Postharvest Losses In Cassava Value Chains In Selected Developing Countries",,,,,True,False,False,False,True,True,False
20270,566,Nigeria,,23170.01,Flour of cassava,2014,1.0,1%,39004,Harvesting,Harvest,Gari,,,Survey,"Diego Naziri a; Wilhelmina Quaye b; Bernard Siwoku; Sittichoke Wanlapatit; Tu Viet Phu; Ben Bennett, (2014), The Diversity Of Postharvest Losses In Cassava Value Chains In Selected Developing Countries",,,39004.0,,True,True,False,False,True,True,False
20271,566,Nigeria,,23170.01,Flour of cassava,2014,8.0,8%,,Processing,Processing,Gari,,,Survey,"Diego Naziri a; Wilhelmina Quaye b; Bernard Siwoku; Sittichoke Wanlapatit; Tu Viet Phu; Ben Bennett, (2014), The Diversity Of Postharvest Losses In Cassava Value Chains In Selected Developing Countries",,,,,True,False,False,False,True,True,False
20272,566,Nigeria,,23170.01,Flour of cassava,2014,1.0,1%,,Farm,Farm,Fufu,,,Survey,"Diego Naziri a; Wilhelmina Quaye b; Bernard Siwoku; Sittichoke Wanlapatit; Tu Viet Phu; Ben Bennett, (2014), The Diversity Of Postharvest Losses In Cassava Value Chains In Selected Developing Countries",,,,,True,False,False,False,True,True,False
20273,566,Nigeria,,23170.01,Flour of cassava,2014,0.5,0.5%,8911,Farm,Farm,Fufu,,,Survey,"Diego Naziri a; Wilhelmina Quaye b; Bernard Siwoku; Sittichoke Wanlapatit; Tu Viet Phu; Ben Bennett, (2014), The Diversity Of Postharvest Losses In Cassava Value Chains In Selected Developing Countries",,,8911.0,,True,True,False,False,True,True,False
20274,566,Nigeria,,23170.01,Flour of cassava,2014,5.0,5%,88664,Farm,Farm,Fufu,,,Survey,"Diego Naziri a; Wilhelmina Quaye b; Bernard Siwoku; Sittichoke Wanlapatit; Tu Viet Phu; Ben Bennett, (2014), The Diversity Of Postharvest Losses In Cassava Value Chains In Selected Developing Countries",,,88664.0,,True,True,False,False,True,True,False
20275,566,Nigeria,,0112,Maize (corn),2013,4.03,4.03%,,Harvesting,Harvest,,,,Survey,"GIZ, (2013), Food Losses In Cassava And Maize Value Chains In Nigeria: Analysis And Recommendations For Reduction Strategies",,,,,True,False,False,False,True,True,False
20276,566,Nigeria,,0112,Maize (corn),2013,9.83,9.83%,,Farm,Farm,,,,Survey,"GIZ, (2013), Food Losses In Cassava And Maize Value Chains In Nigeria: Analysis And Recommendations For Reduction Strategies",,,,,True,False,False,False,True,True,False
20277,566,Nigeria,,0112,Maize (corn),2013,8.5,8.5,,,Storage,,Physical Losses,100,Case Study,"GIZ, (2013), Food Losses In Cassava And Maize Value Chains In Nigeria: Analysis And Recommendations For Reduction Strategies",https://www.giz.de/fachexpertise/downloads/giz2013-en-reducing-food-losses-improve-food-security.pdf,,,100.0,True,False,True,True,False,True,True
20278,566,Nigeria,,0112,Maize (corn),2013,3.7,3.7%,,"Marketing, Transportation",Transport,Dry maize,,,Survey,"GIZ, (2013), Food Losses In Cassava And Maize Value Chains In Nigeria: Analysis And Recommendations For Reduction Strategies",,,,,True,False,False,False,True,True,False
20279,566,Nigeria,,0112,Maize (corn),2013,1.0,1,,,Processing,,Feed Miller Weevils,"The survey comprised 400 cassava and maize farmers, 54 marketers and 63 processors",Case Study,"GIZ, (2013), Food Losses In Cassava And Maize Value Chains In Nigeria: Analysis And Recommendations For Reduction Strategies",https://www.giz.de/fachexpertise/downloads/giz2013-en-reducing-food-losses-improve-food-security.pdf,,,,True,False,False,True,False,True,True
20280,566,Nigeria,,0112,Maize (corn),2013,5.0,5,,Storage,Storage,Market Storage Spillage,Market Storage Spillage,"The survey comprised 400 cassava and maize farmers, 54 marketers and 63 processors",Case Study,"GIZ, (2013), Food Losses In Cassava And Maize Value Chains In Nigeria: Analysis And Recommendations For Reduction Strategies",https://www.giz.de/fachexpertise/downloads/giz2013-en-reducing-food-losses-improve-food-security.pdf,,,,True,False,False,True,True,True,True
20281,566,Nigeria,,0112,Maize (corn),2013,2.8,2.8,,,Processing,,Feed Miller Rodents,"The survey comprised 400 cassava and maize farmers, 54 marketers and 63 processors",Case Study,"GIZ, (2013), Food Losses In Cassava And Maize Value Chains In Nigeria: Analysis And Recommendations For Reduction Strategies",https://www.giz.de/fachexpertise/downloads/giz2013-en-reducing-food-losses-improve-food-security.pdf,,,,True,False,False,True,False,True,True
20282,566,Nigeria,,0112,Maize (corn),2013,2.5,2.5,,Storage,Storage,Losses due to Storage Moisture,Market Storage Moisture,"The survey comprised 400 cassava and maize farmers, 54 marketers and 63 processors",Case Study,"GIZ, (2013), Food Losses In Cassava And Maize Value Chains In Nigeria: Analysis And Recommendations For Reduction Strategies",https://www.giz.de/fachexpertise/downloads/giz2013-en-reducing-food-losses-improve-food-security.pdf,,,,True,False,False,True,True,True,True
20283,566,Nigeria,,0112,Maize (corn),2013,2.27,2.27%,,Storage,Storage,Dry maize cobs,,,Survey,"GIZ, (2013), Food Losses In Cassava And Maize Value Chains In Nigeria: Analysis And Recommendations For Reduction Strategies",,,,,True,False,False,False,True,True,False
20284,566,Nigeria,,0112,Maize (corn),2013,2.0,2,,,Storage,,Feed Storage Weevils,"The survey comprised 400 cassava and maize farmers, 54 marketers and 63 processors",Case Study,"GIZ, (2013), Food Losses In Cassava And Maize Value Chains In Nigeria: Analysis And Recommendations For Reduction Strategies",https://www.giz.de/fachexpertise/downloads/giz2013-en-reducing-food-losses-improve-food-security.pdf,,,,True,False,False,True,False,True,True
20285,566,Nigeria,,0112,Maize (corn),2013,2.0,2,,,Transport,,Transport To Feed Miller,"The survey comprised 400 cassava and maize farmers, 54 marketers and 63 processors",Case Study,"GIZ, (2013), Food Losses In Cassava And Maize Value Chains In Nigeria: Analysis And Recommendations For Reduction Strategies",https://www.giz.de/fachexpertise/downloads/giz2013-en-reducing-food-losses-improve-food-security.pdf,,,,True,False,False,True,False,True,True
20286,566,Nigeria,,0112,Maize (corn),2013,1.53,1.53%,,Shelling,Farm,,,,Survey,"GIZ, (2013), Food Losses In Cassava And Maize Value Chains In Nigeria: Analysis And Recommendations For Reduction Strategies",,,,,True,False,False,False,True,True,False
20287,566,Nigeria,,0112,Maize (corn),2013,2.0,2.0%,,"Milling, Transportation",Transport,Dry maize,,,Survey,"GIZ, (2013), Food Losses In Cassava And Maize Value Chains In Nigeria: Analysis And Recommendations For Reduction Strategies",,,,,True,False,False,False,True,True,False
20288,566,Nigeria,,0112,Maize (corn),2013,2.0,2,,,Processing,,Feed Miller Spoilage,"The survey comprised 400 cassava and maize farmers, 54 marketers and 63 processors",Case Study,"GIZ, (2013), Food Losses In Cassava And Maize Value Chains In Nigeria: Analysis And Recommendations For Reduction Strategies",https://www.giz.de/fachexpertise/downloads/giz2013-en-reducing-food-losses-improve-food-security.pdf,,,,True,False,False,True,False,True,True
20289,566,Nigeria,,0112,Maize (corn),2013,3.0,3,,,Transport,,Transport Of Feed,"The survey comprised 400 cassava and maize farmers, 54 marketers and 63 processors",Case Study,"GIZ, (2013), Food Losses In Cassava And Maize Value Chains In Nigeria: Analysis And Recommendations For Reduction Strategies",https://www.giz.de/fachexpertise/downloads/giz2013-en-reducing-food-losses-improve-food-security.pdf,,,,True,False,False,True,False,True,True
20290,566,Nigeria,,0112,Maize (corn),2013,8.5,8.5,,Storage,Storage,Losses due to storage weevils,Market Storage Weevils,"The survey comprised 400 cassava and maize farmers, 54 marketers and 63 processors",Case Study,"GIZ, (2013), Food Losses In Cassava And Maize Value Chains In Nigeria: Analysis And Recommendations For Reduction Strategies",https://www.giz.de/fachexpertise/downloads/giz2013-en-reducing-food-losses-improve-food-security.pdf,,,,True,False,False,True,True,True,True
20291,566,Nigeria,,0112,Maize (corn),2013,22.9,22.9%,,"Marketing, Storage",Storage,Dry maize,,,Survey,"GIZ, (2013), Food Losses In Cassava And Maize Value Chains In Nigeria: Analysis And Recommendations For Reduction Strategies",,,,,True,False,False,False,True,True,False
20292,566,Nigeria,,0112,Maize (corn),2013,2.0,2.0%,,Storage,Storage,Dry maize,,,Survey,"GIZ, (2013), Food Losses In Cassava And Maize Value Chains In Nigeria: Analysis And Recommendations For Reduction Strategies",,,,,True,False,False,False,True,True,False
20293,566,Nigeria,,0112,Maize (corn),2013,1.95,1.95%,,Transportation,Transport,Fresh maize,,,Survey,"GIZ, (2013), Food Losses In Cassava And Maize Value Chains In Nigeria: Analysis And Recommendations For Reduction Strategies",,,,,True,False,False,False,True,True,False
20294,566,Nigeria,,0112,Maize (corn),2013,2.0,2,,,Farm,,Storage Maize Grain,"The survey comprised 400 cassava and maize farmers, 54 marketers and 63 processors",Case Study,"GIZ, (2013), Food Losses In Cassava And Maize Value Chains In Nigeria: Analysis And Recommendations For Reduction Strategies",https://www.giz.de/fachexpertise/downloads/giz2013-en-reducing-food-losses-improve-food-security.pdf,,,,True,False,False,True,False,True,True
20295,566,Nigeria,,0112,Maize (corn),2013,6.0,6,,Storage,Storage,Losses due to rodents,Market Storage Rodents,"The survey comprised 400 cassava and maize farmers, 54 marketers and 63 processors",Case Study,"GIZ, (2013), Food Losses In Cassava And Maize Value Chains In Nigeria: Analysis And Recommendations For Reduction Strategies",https://www.giz.de/fachexpertise/downloads/giz2013-en-reducing-food-losses-improve-food-security.pdf,,,,True,False,False,True,True,True,True
20296,566,Nigeria,,0112,Maize (corn),2013,2.0,2,,,Storage,,Feed Storage Spoilage,"The survey comprised 400 cassava and maize farmers, 54 marketers and 63 processors",Case Study,"GIZ, (2013), Food Losses In Cassava And Maize Value Chains In Nigeria: Analysis And Recommendations For Reduction Strategies",https://www.giz.de/fachexpertise/downloads/giz2013-en-reducing-food-losses-improve-food-security.pdf,,,,True,False,False,True,False,True,True
20297,566,Nigeria,,01520.01,"Cassava, fresh",2013,4.95,4.95%,,Harvesting,Harvest,,,,Survey,"GIZ, (2013), Food Losses In Cassava And Maize Value Chains In Nigeria: Analysis And Recommendations For Reduction Strategies",,,,,True,False,False,False,True,True,False
20298,566,Nigeria,,01520.01,"Cassava, fresh",2013,2.2,2.2,,,Transport,,Fresh Tuber Transport,"The survey comprised 400 cassava and maize farmers, 54 marketers and 63 processors",Survey,"GIZ, (2013), Food Losses In Cassava And Maize Value Chains In Nigeria: Analysis And Recommendations For Reduction Strategies",https://www.giz.de/fachexpertise/downloads/giz2013-en-reducing-food-losses-improve-food-security.pdf,,,,True,False,False,True,False,True,True
20299,566,Nigeria,,01520.01,"Cassava, fresh",2013,2.5,2.5,,,Transport,,Garitransport,"The survey comprised 400 cassava and maize farmers, 54 marketers and 63 processors",Survey,"GIZ, (2013), Food Losses In Cassava And Maize Value Chains In Nigeria: Analysis And Recommendations For Reduction Strategies",https://www.giz.de/fachexpertise/downloads/giz2013-en-reducing-food-losses-improve-food-security.pdf,,,,True,False,False,True,False,True,True
20300,566,Nigeria,,01520.01,"Cassava, fresh",2013,8.51,8.51,"3,191,599 mt",,Farm,,Physical Losses,"The survey comprised 400 cassava and maize farmers, 54 marketers and 63 processors",Survey,"GIZ, (2013), Food Losses In Cassava And Maize Value Chains In Nigeria: Analysis And Recommendations For Reduction Strategies",https://www.giz.de/fachexpertise/downloads/giz2013-en-reducing-food-losses-improve-food-security.pdf,,,,True,False,False,True,False,True,True
20301,566,Nigeria,,01520.01,"Cassava, fresh",2013,1.6,1.6,,,Processing,,Gariprocessing,"The survey comprised 400 cassava and maize farmers, 54 marketers and 63 processors",Survey,"GIZ, (2013), Food Losses In Cassava And Maize Value Chains In Nigeria: Analysis And Recommendations For Reduction Strategies",https://www.giz.de/fachexpertise/downloads/giz2013-en-reducing-food-losses-improve-food-security.pdf,,,,True,False,False,True,False,True,True
20302,566,Nigeria,,01520.01,"Cassava, fresh",2013,12.1,12.1%,,Processing,Processing,Gari Processor- Fresh tuber,,,Survey,"GIZ, (2013), Food Losses In Cassava And Maize Value Chains In Nigeria: Analysis And Recommendations For Reduction Strategies",,,,,True,False,False,False,True,True,False
20303,566,Nigeria,,01520.01,"Cassava, fresh",2013,5.5,5.5,,,Processing,,Processing Starch,"The survey comprised 400 cassava and maize farmers, 54 marketers and 63 processors",Survey,"GIZ, (2013), Food Losses In Cassava And Maize Value Chains In Nigeria: Analysis And Recommendations For Reduction Strategies",https://www.giz.de/fachexpertise/downloads/giz2013-en-reducing-food-losses-improve-food-security.pdf,,,,True,False,False,True,False,True,True
20304,566,Nigeria,,01520.01,"Cassava, fresh",2013,9.5,9.5%,,Marketing,Wholesale,,,,Survey,"GIZ, (2013), Food Losses In Cassava And Maize Value Chains In Nigeria: Analysis And Recommendations For Reduction Strategies",,,,,True,False,False,False,True,True,False
20305,566,Nigeria,,01520.01,"Cassava, fresh",2013,6.3,6.3,,Processing,Processing,,Storage Starch,"The survey comprised 400 cassava and maize farmers, 54 marketers and 63 processors",Survey,"GIZ, (2013), Food Losses In Cassava And Maize Value Chains In Nigeria: Analysis And Recommendations For Reduction Strategies",https://www.giz.de/fachexpertise/downloads/giz2013-en-reducing-food-losses-improve-food-security.pdf,,,,True,False,False,True,True,True,True
20306,566,Nigeria,,01520.01,"Cassava, fresh",2013,5.5,5.5,,Processing,Processing,,Processing Starch,"The survey comprised 400 cassava and maize farmers, 54 marketers and 63 processors",Survey,"GIZ, (2013), Food Losses In Cassava And Maize Value Chains In Nigeria: Analysis And Recommendations For Reduction Strategies",https://www.giz.de/fachexpertise/downloads/giz2013-en-reducing-food-losses-improve-food-security.pdf,,,,True,False,False,True,True,True,True
20307,566,Nigeria,,01520.01,"Cassava, fresh",2013,2.71,2.71%,,Processing,Processing,Gari processor- Processed gari,,,Survey,"GIZ, (2013), Food Losses In Cassava And Maize Value Chains In Nigeria: Analysis And Recommendations For Reduction Strategies",,,,,True,False,False,False,True,True,False
20308,566,Nigeria,,01520.01,"Cassava, fresh",2013,4.95,4.95,,Harvesting,Harvest,,,"The survey comprised 400 cassava and maize farmers, 54 marketers and 63 processors",Survey,"GIZ, (2013), Food Losses In Cassava And Maize Value Chains In Nigeria: Analysis And Recommendations For Reduction Strategies",https://www.giz.de/fachexpertise/downloads/giz2013-en-reducing-food-losses-improve-food-security.pdf,,,,True,False,False,True,True,True,False
20309,566,Nigeria,,01520.01,"Cassava, fresh",2013,6.3,6.3,,,Processing,,Storage Starch,"The survey comprised 400 cassava and maize farmers, 54 marketers and 63 processors",Survey,"GIZ, (2013), Food Losses In Cassava And Maize Value Chains In Nigeria: Analysis And Recommendations For Reduction Strategies",https://www.giz.de/fachexpertise/downloads/giz2013-en-reducing-food-losses-improve-food-security.pdf,,,,True,False,False,True,False,True,True
20310,566,Nigeria,,01520.01,"Cassava, fresh",2013,11.8,11.8%,,Processing,Processing,Starch factory,,,Survey,"GIZ, (2013), Food Losses In Cassava And Maize Value Chains In Nigeria: Analysis And Recommendations For Reduction Strategies",,,,,True,False,False,False,True,True,False
20311,566,Nigeria,,01520.01,"Cassava, fresh",2013,1.1,1.1,,,Storage,,Garistorage/Spoilage,"The survey comprised 400 cassava and maize farmers, 54 marketers and 63 processors",Survey,"GIZ, (2013), Food Losses In Cassava And Maize Value Chains In Nigeria: Analysis And Recommendations For Reduction Strategies",https://www.giz.de/fachexpertise/downloads/giz2013-en-reducing-food-losses-improve-food-security.pdf,,,,True,False,False,True,False,True,True
20312,566,Nigeria,,01520.01,"Cassava, fresh",2013,1.93,1.93,,"Grading, Sorting",Farm,,Too Small,"The survey comprised 400 cassava and maize farmers, 54 marketers and 63 processors",Survey,"GIZ, (2013), Food Losses In Cassava And Maize Value Chains In Nigeria: Analysis And Recommendations For Reduction Strategies",https://www.giz.de/fachexpertise/downloads/giz2013-en-reducing-food-losses-improve-food-security.pdf,,,,True,False,False,True,True,True,True
20313,566,Nigeria,,01520.01,"Cassava, fresh",2013,5.8,5.8,,"Grading, Sorting",Processing,,Tuber Too Small,"The survey comprised 400 cassava and maize farmers, 54 marketers and 63 processors",Survey,"GIZ, (2013), Food Losses In Cassava And Maize Value Chains In Nigeria: Analysis And Recommendations For Reduction Strategies",https://www.giz.de/fachexpertise/downloads/giz2013-en-reducing-food-losses-improve-food-security.pdf,,,,True,False,False,True,True,True,True
20314,566,Nigeria,,01520.01,"Cassava, fresh",2013,8.51,8.51%,,Farm,Farm,,,,Survey,"GIZ, (2013), Food Losses In Cassava And Maize Value Chains In Nigeria: Analysis And Recommendations For Reduction Strategies",,,,,True,False,False,False,True,True,False
20315,566,Nigeria,,01520.01,"Cassava, fresh",2013,1.63,1.63%,,Storage,Storage,,,,Survey,"GIZ, (2013), Food Losses In Cassava And Maize Value Chains In Nigeria: Analysis And Recommendations For Reduction Strategies",,,,,True,False,False,False,True,True,False
20316,566,Nigeria,,01520.01,"Cassava, fresh",2013,5.8,5.8,,"Grading, Processing, Sorting",Processing,,Tuber Too Small,"The survey comprised 400 cassava and maize farmers, 54 marketers and 63 processors",Survey,"GIZ, (2013), Food Losses In Cassava And Maize Value Chains In Nigeria: Analysis And Recommendations For Reduction Strategies",https://www.giz.de/fachexpertise/downloads/giz2013-en-reducing-food-losses-improve-food-security.pdf,,,,True,False,False,True,True,True,True
20317,566,Nigeria,,01520.01,"Cassava, fresh",2013,4.95,4.95,,,Harvest,,,"The survey comprised 400 cassava and maize farmers, 54 marketers and 63 processors",Survey,"GIZ, (2013), Food Losses In Cassava And Maize Value Chains In Nigeria: Analysis And Recommendations For Reduction Strategies",https://www.giz.de/fachexpertise/downloads/giz2013-en-reducing-food-losses-improve-food-security.pdf,,,,True,False,False,True,False,True,False
20318,566,Nigeria,,01520.01,"Cassava, fresh",2013,4.1,4.1,,,Processing,,Fresh Tuber Too Woody,"The survey comprised 400 cassava and maize farmers, 54 marketers and 63 processors",Survey,"GIZ, (2013), Food Losses In Cassava And Maize Value Chains In Nigeria: Analysis And Recommendations For Reduction Strategies",https://www.giz.de/fachexpertise/downloads/giz2013-en-reducing-food-losses-improve-food-security.pdf,,,,True,False,False,True,False,True,True
20319,566,Nigeria,,01520.01,"Cassava, fresh",2013,4.5,4.5,,"Grading, Sorting",Retail,,Garistorage (Moisture),"The survey comprised 400 cassava and maize farmers, 54 marketers and 63 processors",Survey,"GIZ, (2013), Food Losses In Cassava And Maize Value Chains In Nigeria: Analysis And Recommendations For Reduction Strategies",https://www.giz.de/fachexpertise/downloads/giz2013-en-reducing-food-losses-improve-food-security.pdf,,,,True,False,False,True,True,True,True
20320,566,Nigeria,,01520.01,"Cassava, fresh",2013,2.5,2.5,,,Storage,,Garistorage (Rodents),"The survey comprised 400 cassava and maize farmers, 54 marketers and 63 processors",Survey,"GIZ, (2013), Food Losses In Cassava And Maize Value Chains In Nigeria: Analysis And Recommendations For Reduction Strategies",https://www.giz.de/fachexpertise/downloads/giz2013-en-reducing-food-losses-improve-food-security.pdf,,,,True,False,False,True,False,True,True
20321,566,Nigeria,,01520.01,"Cassava, fresh",2013,2.5,2.5,,Transportation,Transport,,Garitransport,"The survey comprised 400 cassava and maize farmers, 54 marketers and 63 processors",Survey,"GIZ, (2013), Food Losses In Cassava And Maize Value Chains In Nigeria: Analysis And Recommendations For Reduction Strategies",https://www.giz.de/fachexpertise/downloads/giz2013-en-reducing-food-losses-improve-food-security.pdf,,,,True,False,False,True,True,True,True
20322,566,Nigeria,,0112,Maize (corn),2013,6.77476,6.77476,,"Drying, Harvesting",Harvest,,,,Modelled Estimates,"APHLIS, (2021), APHLIS",https://www.aphlis.net/en/data/tables/value-chain/NG/all-crops/2013?metric=prc&download=csv,,,,True,False,False,True,True,True,False
20323,566,Nigeria,,0112,Maize (corn),2013,4.85596,4.85596,,Storage,Farm,,,,Modelled Estimates,"APHLIS, (2021), APHLIS",https://www.aphlis.net/en/data/tables/value-chain/NG/all-crops/2013?metric=prc&download=csv,,,,True,False,False,True,True,True,False
20324,566,Nigeria,,0112,Maize (corn),2013,1.32,1.32,,"Shelling, Threshing",,,,,Modelled Estimates,"APHLIS, (2021), APHLIS",https://www.aphlis.net/en/data/tables/value-chain/NG/all-crops/2013?metric=prc&download=csv,,,,True,False,False,True,True,False,False
20325,566,Nigeria,,0112,Maize (corn),2013,2.37265,2.37265,,Transportation,Farm,,,,Modelled Estimates,"APHLIS, (2021), APHLIS",https://www.aphlis.net/en/data/tables/value-chain/NG/all-crops/2013?metric=prc&download=csv,,,,True,False,False,True,True,True,False
20326,566,Nigeria,,0112,Maize (corn),2013,4.0,4,,Drying,Farm,,,,Modelled Estimates,"APHLIS, (2021), APHLIS",https://www.aphlis.net/en/data/tables/value-chain/NG/all-crops/2013?metric=prc&download=csv,,,,True,False,False,True,True,True,False
20327,566,Nigeria,,0113,Rice,2013,4.57084,4.57084,,"Drying, Harvesting",Harvest,,,,Modelled Estimates,"APHLIS, (2021), APHLIS",https://www.aphlis.net/en/data/tables/value-chain/NG/all-crops/2013?metric=prc&download=csv,,,,True,False,False,True,True,True,False
20328,566,Nigeria,,0113,Rice,2013,0.979931,0.979931,,Storage,Farm,,,,Modelled Estimates,"APHLIS, (2021), APHLIS",https://www.aphlis.net/en/data/tables/value-chain/NG/all-crops/2013?metric=prc&download=csv,,,,True,False,False,True,True,True,False
20329,566,Nigeria,,0113,Rice,2013,3.13714,3.13714,,"Shelling, Threshing",,,,,Modelled Estimates,"APHLIS, (2021), APHLIS",https://www.aphlis.net/en/data/tables/value-chain/NG/all-crops/2013?metric=prc&download=csv,,,,True,False,False,True,True,False,False
20330,566,Nigeria,,0113,Rice,2013,1.25,1.25,,Transportation,Farm,,,,Modelled Estimates,"APHLIS, (2021), APHLIS",https://www.aphlis.net/en/data/tables/value-chain/NG/all-crops/2013?metric=prc&download=csv,,,,True,False,False,True,True,True,False
20331,566,Nigeria,,0113,Rice,2013,2.5,2.5,,Winnowing,Farm,,,,Modelled Estimates,"APHLIS, (2021), APHLIS",https://www.aphlis.net/en/data/tables/value-chain/NG/all-crops/2013?metric=prc&download=csv,,,,True,False,False,True,True,True,False
20332,566,Nigeria,,0114,Sorghum,2013,4.55,4.55,,"Drying, Harvesting",Harvest,,,,Modelled Estimates,"APHLIS, (2021), APHLIS",https://www.aphlis.net/en/data/tables/value-chain/NG/all-crops/2013?metric=prc&download=csv,,,,True,False,False,True,True,True,False
20333,566,Nigeria,,0114,Sorghum,2013,2.59295,2.59295,,Storage,Farm,,,,Modelled Estimates,"APHLIS, (2021), APHLIS",https://www.aphlis.net/en/data/tables/value-chain/NG/all-crops/2013?metric=prc&download=csv,,,,True,False,False,True,True,True,False
20334,566,Nigeria,,0114,Sorghum,2013,3.6,3.6,,"Shelling, Threshing",,,,,Modelled Estimates,"APHLIS, (2021), APHLIS",https://www.aphlis.net/en/data/tables/value-chain/NG/all-crops/2013?metric=prc&download=csv,,,,True,False,False,True,True,False,False
20335,566,Nigeria,,0114,Sorghum,2013,2.16667,2.16667,,Transportation,Farm,,,,Modelled Estimates,"APHLIS, (2021), APHLIS",https://www.aphlis.net/en/data/tables/value-chain/NG/all-crops/2013?metric=prc&download=csv,,,,True,False,False,True,True,True,False
20336,566,Nigeria,,0118,Millet,2013,3.5,3.5,,"Drying, Harvesting",Harvest,,,,Modelled Estimates,"APHLIS, (2021), APHLIS",https://www.aphlis.net/en/data/tables/value-chain/NG/all-crops/2013?metric=prc&download=csv,,,,True,False,False,True,True,True,False
20337,566,Nigeria,,0118,Millet,2013,0.793649,0.793649,,Storage,Farm,,,,Modelled Estimates,"APHLIS, (2021), APHLIS",https://www.aphlis.net/en/data/tables/value-chain/NG/all-crops/2013?metric=prc&download=csv,,,,True,False,False,True,True,True,False
20338,566,Nigeria,,0118,Millet,2013,2.0,2,,"Shelling, Threshing",,,,,Modelled Estimates,"APHLIS, (2021), APHLIS",https://www.aphlis.net/en/data/tables/value-chain/NG/all-crops/2013?metric=prc&download=csv,,,,True,False,False,True,True,False,False
20339,566,Nigeria,,0118,Millet,2013,2.5,2.5,,Transportation,Farm,,,,Modelled Estimates,"APHLIS, (2021), APHLIS",https://www.aphlis.net/en/data/tables/value-chain/NG/all-crops/2013?metric=prc&download=csv,,,,True,False,False,True,True,True,False
20340,566,Nigeria,,0118,Millet,2013,1.10317,1.10317,,Winnowing,Farm,,,,Modelled Estimates,"APHLIS, (2021), APHLIS",https://www.aphlis.net/en/data/tables/value-chain/NG/all-crops/2013?metric=prc&download=csv,,,,True,False,False,True,True,True,False
20341,566,Nigeria,,01520.01,"Cassava, fresh",2013,25.0,25,,,Storage,,Gari,,Literature Review,"COMCEC, (2016), Reducing Postharvest Losses In The Oic Member Countries",http://www.mod.gov.tr/Lists/RecentPublications/Attachments/120/Reducing%20Postharvest%20Losses%20in%20the%20OIC%20Member%20Countries.pdf,,,,True,False,False,True,False,True,True
20342,566,Nigeria,,01520.01,"Cassava, fresh",2013,3.5,2.5-4.5,,,Storage,,Moisture and Rodents,,Literature Review,"COMCEC, (2016), Reducing Postharvest Losses In The Oic Member Countries",http://www.mod.gov.tr/Lists/RecentPublications/Attachments/120/Reducing%20Postharvest%20Losses%20in%20the%20OIC%20Member%20Countries.pdf,,,,True,False,False,True,False,True,True
20343,566,Nigeria,,01520.01,"Cassava, fresh",2013,4.95,4.1-5.8,,,Processing,,Grading into fufu,,Literature Review,"COMCEC, (2016), Reducing Postharvest Losses In The Oic Member Countries",http://www.mod.gov.tr/Lists/RecentPublications/Attachments/120/Reducing%20Postharvest%20Losses%20in%20the%20OIC%20Member%20Countries.pdf,,,,True,False,False,True,False,True,True
20344,566,Nigeria,,01520.01,"Cassava, fresh",2013,5.5,5.5,,,Processing,,Processing into Starch,,Literature Review,"COMCEC, (2016), Reducing Postharvest Losses In The Oic Member Countries",http://www.mod.gov.tr/Lists/RecentPublications/Attachments/120/Reducing%20Postharvest%20Losses%20in%20the%20OIC%20Member%20Countries.pdf,,,,True,False,False,True,False,True,True
20345,566,Nigeria,,01520.01,"Cassava, fresh",2013,4.95,4.95,,,Harvest,,inappropriate harvesting technologies (machetes) and poor soil conditions (dry and stony).,,Literature Review,"COMCEC, (2016), Reducing Postharvest Losses In The Oic Member Countries",http://www.mod.gov.tr/Lists/RecentPublications/Attachments/120/Reducing%20Postharvest%20Losses%20in%20the%20OIC%20Member%20Countries.pdf,,,,True,False,False,True,False,True,True
20346,566,Nigeria,,01520.01,"Cassava, fresh",2013,2.5,2.5,,,Transport,,,,Literature Review,"COMCEC, (2016), Reducing Postharvest Losses In The Oic Member Countries",http://www.mod.gov.tr/Lists/RecentPublications/Attachments/120/Reducing%20Postharvest%20Losses%20in%20the%20OIC%20Member%20Countries.pdf,,,,True,False,False,True,False,True,False
20347,566,Nigeria,,01520.01,"Cassava, fresh",2013,5.5,5.5,,,Processing,,Processing into Starch,,Literature Review,"COMCEC, (2016), Reducing Postharvest Losses In The Oic Member Countries",http://www.mod.gov.tr/Lists/RecentPublications/Attachments/120/Reducing%20Postharvest%20Losses%20in%20the%20OIC%20Member%20Countries.pdf,,,,True,False,False,True,False,True,True
20348,566,Nigeria,,01520.01,"Cassava, fresh",2013,6.3,6.3,,Processing,Processing,,Processing into Starch,,Literature Review,"COMCEC, (2016), Reducing Postharvest Losses In The Oic Member Countries",http://www.mod.gov.tr/Lists/RecentPublications/Attachments/120/Reducing%20Postharvest%20Losses%20in%20the%20OIC%20Member%20Countries.pdf,Sourced from Oguntade 2013,,,True,False,False,True,True,True,True
20349,566,Nigeria,,01520.01,"Cassava, fresh",2013,4.95,4.1-5.8,,,Processing,,Grading into fufu,,Literature Review,"COMCEC, (2016), Reducing Postharvest Losses In The Oic Member Countries",http://www.mod.gov.tr/Lists/RecentPublications/Attachments/120/Reducing%20Postharvest%20Losses%20in%20the%20OIC%20Member%20Countries.pdf,,,,True,False,False,True,False,True,True
20350,566,Nigeria,,01520.01,"Cassava, fresh",2013,8.5,8.5,,,Farm,,,,Literature Review,"COMCEC, (2016), Reducing Postharvest Losses In The Oic Member Countries",http://www.mod.gov.tr/Lists/RecentPublications/Attachments/120/Reducing%20Postharvest%20Losses%20in%20the%20OIC%20Member%20Countries.pdf,,,,True,False,False,True,False,True,False
20351,566,Nigeria,,0112,Maize (corn),2012,6.64681,6.64681,,"Drying, Harvesting",Harvest,,,,Modelled Estimates,"APHLIS, (2021), APHLIS",https://www.aphlis.net/en/data/tables/value-chain/NG/all-crops/2012?metric=prc&download=csv,,,,True,False,False,True,True,True,False
20352,566,Nigeria,,0112,Maize (corn),2012,4.88862,4.88862,,Storage,Farm,,,,Modelled Estimates,"APHLIS, (2021), APHLIS",https://www.aphlis.net/en/data/tables/value-chain/NG/all-crops/2012?metric=prc&download=csv,,,,True,False,False,True,True,True,False
20353,566,Nigeria,,0112,Maize (corn),2012,1.32,1.32,,"Shelling, Threshing",,,,,Modelled Estimates,"APHLIS, (2021), APHLIS",https://www.aphlis.net/en/data/tables/value-chain/NG/all-crops/2012?metric=prc&download=csv,,,,True,False,False,True,True,False,False
20354,566,Nigeria,,0112,Maize (corn),2012,2.37531,2.37531,,Transportation,Farm,,,,Modelled Estimates,"APHLIS, (2021), APHLIS",https://www.aphlis.net/en/data/tables/value-chain/NG/all-crops/2012?metric=prc&download=csv,,,,True,False,False,True,True,True,False
20355,566,Nigeria,,0112,Maize (corn),2012,4.0,4,,Drying,Farm,,,,Modelled Estimates,"APHLIS, (2021), APHLIS",https://www.aphlis.net/en/data/tables/value-chain/NG/all-crops/2012?metric=prc&download=csv,,,,True,False,False,True,True,True,False
20356,566,Nigeria,,0113,Rice,2012,4.74778,4.74778,,"Drying, Harvesting",Harvest,,,,Modelled Estimates,"APHLIS, (2021), APHLIS",https://www.aphlis.net/en/data/tables/value-chain/NG/all-crops/2012?metric=prc&download=csv,,,,True,False,False,True,True,True,False
20357,566,Nigeria,,0113,Rice,2012,0.956749,0.956749,,Storage,Farm,,,,Modelled Estimates,"APHLIS, (2021), APHLIS",https://www.aphlis.net/en/data/tables/value-chain/NG/all-crops/2012?metric=prc&download=csv,,,,True,False,False,True,True,True,False
20358,566,Nigeria,,0113,Rice,2012,3.13714,3.13714,,"Shelling, Threshing",,,,,Modelled Estimates,"APHLIS, (2021), APHLIS",https://www.aphlis.net/en/data/tables/value-chain/NG/all-crops/2012?metric=prc&download=csv,,,,True,False,False,True,True,False,False
20359,566,Nigeria,,0113,Rice,2012,1.25,1.25,,Transportation,Farm,,,,Modelled Estimates,"APHLIS, (2021), APHLIS",https://www.aphlis.net/en/data/tables/value-chain/NG/all-crops/2012?metric=prc&download=csv,,,,True,False,False,True,True,True,False
20360,566,Nigeria,,0113,Rice,2012,2.5,2.5,,Winnowing,Farm,,,,Modelled Estimates,"APHLIS, (2021), APHLIS",https://www.aphlis.net/en/data/tables/value-chain/NG/all-crops/2012?metric=prc&download=csv,,,,True,False,False,True,True,True,False
20361,566,Nigeria,,0114,Sorghum,2012,4.55,4.55,,"Drying, Harvesting",Harvest,,,,Modelled Estimates,"APHLIS, (2021), APHLIS",https://www.aphlis.net/en/data/tables/value-chain/NG/all-crops/2012?metric=prc&download=csv,,,,True,False,False,True,True,True,False
20362,566,Nigeria,,0114,Sorghum,2012,2.57489,2.57489,,Storage,Farm,,,,Modelled Estimates,"APHLIS, (2021), APHLIS",https://www.aphlis.net/en/data/tables/value-chain/NG/all-crops/2012?metric=prc&download=csv,,,,True,False,False,True,True,True,False
20363,566,Nigeria,,0114,Sorghum,2012,3.6,3.6,,"Shelling, Threshing",,,,,Modelled Estimates,"APHLIS, (2021), APHLIS",https://www.aphlis.net/en/data/tables/value-chain/NG/all-crops/2012?metric=prc&download=csv,,,,True,False,False,True,True,False,False
20364,566,Nigeria,,0114,Sorghum,2012,2.16667,2.16667,,Transportation,Farm,,,,Modelled Estimates,"APHLIS, (2021), APHLIS",https://www.aphlis.net/en/data/tables/value-chain/NG/all-crops/2012?metric=prc&download=csv,,,,True,False,False,True,True,True,False
20365,566,Nigeria,,0118,Millet,2012,3.5,3.5,,"Drying, Harvesting",Harvest,,,,Modelled Estimates,"APHLIS, (2021), APHLIS",https://www.aphlis.net/en/data/tables/value-chain/NG/all-crops/2012?metric=prc&download=csv,,,,True,False,False,True,True,True,False
20366,566,Nigeria,,0118,Millet,2012,0.883034,0.883034,,Storage,Farm,,,,Modelled Estimates,"APHLIS, (2021), APHLIS",https://www.aphlis.net/en/data/tables/value-chain/NG/all-crops/2012?metric=prc&download=csv,,,,True,False,False,True,True,True,False
20367,566,Nigeria,,0118,Millet,2012,2.0,2,,"Shelling, Threshing",,,,,Modelled Estimates,"APHLIS, (2021), APHLIS",https://www.aphlis.net/en/data/tables/value-chain/NG/all-crops/2012?metric=prc&download=csv,,,,True,False,False,True,True,False,False
20368,566,Nigeria,,0118,Millet,2012,2.5,2.5,,Transportation,Farm,,,,Modelled Estimates,"APHLIS, (2021), APHLIS",https://www.aphlis.net/en/data/tables/value-chain/NG/all-crops/2012?metric=prc&download=csv,,,,True,False,False,True,True,True,False
20369,566,Nigeria,,0118,Millet,2012,1.43415,1.43415,,Winnowing,Farm,,,,Modelled Estimates,"APHLIS, (2021), APHLIS",https://www.aphlis.net/en/data/tables/value-chain/NG/all-crops/2012?metric=prc&download=csv,,,,True,False,False,True,True,True,False
20370,566,Nigeria,,0112,Maize (corn),2011,6.67021,6.67021,,"Drying, Harvesting",Harvest,,,,Modelled Estimates,"APHLIS, (2021), APHLIS",https://www.aphlis.net/en/data/tables/value-chain/NG/all-crops/2011?metric=prc&download=csv,,,,True,False,False,True,True,True,False
20371,566,Nigeria,,0112,Maize (corn),2011,4.97769,4.97769,,Storage,Farm,,,,Modelled Estimates,"APHLIS, (2021), APHLIS",https://www.aphlis.net/en/data/tables/value-chain/NG/all-crops/2011?metric=prc&download=csv,,,,True,False,False,True,True,True,False
20372,566,Nigeria,,0112,Maize (corn),2011,1.32,1.32,,"Shelling, Threshing",,,,,Modelled Estimates,"APHLIS, (2021), APHLIS",https://www.aphlis.net/en/data/tables/value-chain/NG/all-crops/2011?metric=prc&download=csv,,,,True,False,False,True,True,False,False
20373,566,Nigeria,,0112,Maize (corn),2011,2.37178,2.37178,,Transportation,Farm,,,,Modelled Estimates,"APHLIS, (2021), APHLIS",https://www.aphlis.net/en/data/tables/value-chain/NG/all-crops/2011?metric=prc&download=csv,,,,True,False,False,True,True,True,False
20374,566,Nigeria,,0112,Maize (corn),2011,4.0,4,,Drying,Farm,,,,Modelled Estimates,"APHLIS, (2021), APHLIS",https://www.aphlis.net/en/data/tables/value-chain/NG/all-crops/2011?metric=prc&download=csv,,,,True,False,False,True,True,True,False
20375,566,Nigeria,,0113,Rice,2011,4.51233,4.51233,,"Drying, Harvesting",Harvest,,,,Modelled Estimates,"APHLIS, (2021), APHLIS",https://www.aphlis.net/en/data/tables/value-chain/NG/all-crops/2011?metric=prc&download=csv,,,,True,False,False,True,True,True,False
20376,566,Nigeria,,0113,Rice,2011,0.991599,0.991599,,Storage,Farm,,,,Modelled Estimates,"APHLIS, (2021), APHLIS",https://www.aphlis.net/en/data/tables/value-chain/NG/all-crops/2011?metric=prc&download=csv,,,,True,False,False,True,True,True,False
20377,566,Nigeria,,0113,Rice,2011,3.13714,3.13714,,"Shelling, Threshing",,,,,Modelled Estimates,"APHLIS, (2021), APHLIS",https://www.aphlis.net/en/data/tables/value-chain/NG/all-crops/2011?metric=prc&download=csv,,,,True,False,False,True,True,False,False
20378,566,Nigeria,,0113,Rice,2011,1.25,1.25,,Transportation,Farm,,,,Modelled Estimates,"APHLIS, (2021), APHLIS",https://www.aphlis.net/en/data/tables/value-chain/NG/all-crops/2011?metric=prc&download=csv,,,,True,False,False,True,True,True,False
20379,566,Nigeria,,0113,Rice,2011,2.5,2.5,,Winnowing,Farm,,,,Modelled Estimates,"APHLIS, (2021), APHLIS",https://www.aphlis.net/en/data/tables/value-chain/NG/all-crops/2011?metric=prc&download=csv,,,,True,False,False,True,True,True,False
20380,566,Nigeria,,0114,Sorghum,2011,4.55,4.55,,"Drying, Harvesting",Harvest,,,,Modelled Estimates,"APHLIS, (2021), APHLIS",https://www.aphlis.net/en/data/tables/value-chain/NG/all-crops/2011?metric=prc&download=csv,,,,True,False,False,True,True,True,False
20381,566,Nigeria,,0114,Sorghum,2011,2.58868,2.58868,,Storage,Farm,,,,Modelled Estimates,"APHLIS, (2021), APHLIS",https://www.aphlis.net/en/data/tables/value-chain/NG/all-crops/2011?metric=prc&download=csv,,,,True,False,False,True,True,True,False
20382,566,Nigeria,,0114,Sorghum,2011,3.6,3.6,,"Shelling, Threshing",,,,,Modelled Estimates,"APHLIS, (2021), APHLIS",https://www.aphlis.net/en/data/tables/value-chain/NG/all-crops/2011?metric=prc&download=csv,,,,True,False,False,True,True,False,False
20383,566,Nigeria,,0114,Sorghum,2011,2.16667,2.16667,,Transportation,Farm,,,,Modelled Estimates,"APHLIS, (2021), APHLIS",https://www.aphlis.net/en/data/tables/value-chain/NG/all-crops/2011?metric=prc&download=csv,,,,True,False,False,True,True,True,False
20384,566,Nigeria,,0118,Millet,2011,3.5,3.5,,"Drying, Harvesting",Harvest,,,,Modelled Estimates,"APHLIS, (2021), APHLIS",https://www.aphlis.net/en/data/tables/value-chain/NG/all-crops/2011?metric=prc&download=csv,,,,True,False,False,True,True,True,False
20385,566,Nigeria,,0118,Millet,2011,0.88099,0.88099,,Storage,Farm,,,,Modelled Estimates,"APHLIS, (2021), APHLIS",https://www.aphlis.net/en/data/tables/value-chain/NG/all-crops/2011?metric=prc&download=csv,,,,True,False,False,True,True,True,False
20386,566,Nigeria,,0118,Millet,2011,2.0,2,,"Shelling, Threshing",,,,,Modelled Estimates,"APHLIS, (2021), APHLIS",https://www.aphlis.net/en/data/tables/value-chain/NG/all-crops/2011?metric=prc&download=csv,,,,True,False,False,True,True,False,False
20387,566,Nigeria,,0118,Millet,2011,2.5,2.5,,Transportation,Farm,,,,Modelled Estimates,"APHLIS, (2021), APHLIS",https://www.aphlis.net/en/data/tables/value-chain/NG/all-crops/2011?metric=prc&download=csv,,,,True,False,False,True,True,True,False
20388,566,Nigeria,,0118,Millet,2011,1.42661,1.42661,,Winnowing,Farm,,,,Modelled Estimates,"APHLIS, (2021), APHLIS",https://www.aphlis.net/en/data/tables/value-chain/NG/all-crops/2011?metric=prc&download=csv,,,,True,False,False,True,True,True,False
20389,566,Nigeria,,01231,"Chillies and peppers, green (<i>Capsicum</i> spp. and <i>Pimenta</i> spp.)",2010,15.0,15%,,Transportation,Transport,,,60,Survey,"Olayemi F. F.; Adegbola J. A.; Bamishaiye E. I.; Daura A. M., (2010), Assessment Of Post- Harvest Challenges Of Small Scale Farm Holders Of Tomatoes, Bell And Hot Pepper In Some Local Government Areas Of Kano State, Nigeria",,,,60.0,True,False,True,False,True,True,False
20390,566,Nigeria,,01231,"Chillies and peppers, green (<i>Capsicum</i> spp. and <i>Pimenta</i> spp.)",2010,10.0,10%,,Transportation,Transport,,,60,Survey,"Olayemi F. F.; Adegbola J. A.; Bamishaiye E. I.; Daura A. M., (2010), Assessment Of Post- Harvest Challenges Of Small Scale Farm Holders Of Tomatoes, Bell And Hot Pepper In Some Local Government Areas Of Kano State, Nigeria",,,,60.0,True,False,True,False,True,True,False
20391,566,Nigeria,,01231,"Chillies and peppers, green (<i>Capsicum</i> spp. and <i>Pimenta</i> spp.)",2010,12.0,12%,,Harvesting,Harvest,,,60,Survey,"Olayemi F. F.; Adegbola J. A.; Bamishaiye E. I.; Daura A. M., (2010), Assessment Of Post- Harvest Challenges Of Small Scale Farm Holders Of Tomatoes, Bell And Hot Pepper In Some Local Government Areas Of Kano State, Nigeria",,,,60.0,True,False,True,False,True,True,False
20392,566,Nigeria,,01234,Tomatoes,2010,20.0,20%,,Harvesting,Harvest,,,60,Survey,"Olayemi F. F.; Adegbola J. A.; Bamishaiye E. I.; Daura A. M., (2010), Assessment Of Post- Harvest Challenges Of Small Scale Farm Holders Of Tomatoes, Bell And Hot Pepper In Some Local Government Areas Of Kano State, Nigeria",,,,60.0,True,False,True,False,True,True,False
20393,566,Nigeria,,01234,Tomatoes,2010,20.0,20,,,Farm,,,60,Survey,"Olayemi F. F.; Adegbola J. A.; Bamishaiye E. I.; Daura A. M., (2010), Assessment Of Post- Harvest Challenges Of Small Scale Farm Holders Of Tomatoes, Bell And Hot Pepper In Some Local Government Areas Of Kano State, Nigeria",http://www.measurepostharvestlosses.com/sites/default/files/survtomatoeph.pdf,,,60.0,True,False,True,True,False,True,False
20394,566,Nigeria,,01234,Tomatoes,2010,28.0,28,,,Transport,,,60,Survey,"Olayemi F. F.; Adegbola J. A.; Bamishaiye E. I.; Daura A. M., (2010), Assessment Of Post- Harvest Challenges Of Small Scale Farm Holders Of Tomatoes, Bell And Hot Pepper In Some Local Government Areas Of Kano State, Nigeria",http://www.measurepostharvestlosses.com/sites/default/files/survtomatoeph.pdf,,,60.0,True,False,True,True,False,True,False
20395,566,Nigeria,,01234,Tomatoes,2010,28.0,28%,,Transportation,Transport,,,60,Survey,"Olayemi F. F.; Adegbola J. A.; Bamishaiye E. I.; Daura A. M., (2010), Assessment Of Post- Harvest Challenges Of Small Scale Farm Holders Of Tomatoes, Bell And Hot Pepper In Some Local Government Areas Of Kano State, Nigeria",,,,60.0,True,False,True,False,True,True,False
20396,566,Nigeria,,01651,"Pepper (<i>Piper</i> spp.), raw",2010,8.0,8,,,Farm,,,30,Survey,"Olayemi F. F.; Adegbola J. A.; Bamishaiye E. I.; Daura A. M., (2010), Assessment Of Post- Harvest Challenges Of Small Scale Farm Holders Of Tomatoes, Bell And Hot Pepper In Some Local Government Areas Of Kano State, Nigeria",http://www.measurepostharvestlosses.com/sites/default/files/survtomatoeph.pdf,,,30.0,True,False,True,True,False,True,False
20397,566,Nigeria,,01651,"Pepper (<i>Piper</i> spp.), raw",2010,10.0,10,,,Transport,,,30,Survey,"Olayemi F. F.; Adegbola J. A.; Bamishaiye E. I.; Daura A. M., (2010), Assessment Of Post- Harvest Challenges Of Small Scale Farm Holders Of Tomatoes, Bell And Hot Pepper In Some Local Government Areas Of Kano State, Nigeria",http://www.measurepostharvestlosses.com/sites/default/files/survtomatoeph.pdf,,,30.0,True,False,True,True,False,True,False
20398,566,Nigeria,,01651,"Pepper (<i>Piper</i> spp.), raw",2010,12.0,12,,,Farm,,,30,Survey,"Olayemi F. F.; Adegbola J. A.; Bamishaiye E. I.; Daura A. M., (2010), Assessment Of Post- Harvest Challenges Of Small Scale Farm Holders Of Tomatoes, Bell And Hot Pepper In Some Local Government Areas Of Kano State, Nigeria",http://www.measurepostharvestlosses.com/sites/default/files/survtomatoeph.pdf,,,30.0,True,False,True,True,False,True,False
20399,566,Nigeria,,01651,"Pepper (<i>Piper</i> spp.), raw",2010,15.0,15,,,Transport,,,30,Survey,"Olayemi F. F.; Adegbola J. A.; Bamishaiye E. I.; Daura A. M., (2010), Assessment Of Post- Harvest Challenges Of Small Scale Farm Holders Of Tomatoes, Bell And Hot Pepper In Some Local Government Areas Of Kano State, Nigeria",http://www.measurepostharvestlosses.com/sites/default/files/survtomatoeph.pdf,,,30.0,True,False,True,True,False,True,False
20400,566,Nigeria,,01652,"Chillies and peppers, dry (<i>Capsicum</i> spp., <i>Pimenta</i> spp.), raw",2010,8.0,8%,,Harvesting,Harvest,,,60,Survey,"Olayemi F. F.; Adegbola J. A.; Bamishaiye E. I.; Daura A. M., (2010), Assessment Of Post- Harvest Challenges Of Small Scale Farm Holders Of Tomatoes, Bell And Hot Pepper In Some Local Government Areas Of Kano State, Nigeria",,,,60.0,True,False,True,False,True,True,False
20401,566,Nigeria,,0112,Maize (corn),2010,6.97487,6.97487,,"Drying, Harvesting",Harvest,,,,Modelled Estimates,"APHLIS, (2021), APHLIS",https://www.aphlis.net/en/data/tables/value-chain/NG/all-crops/2010?metric=prc&download=csv,,,,True,False,False,True,True,True,False
20402,566,Nigeria,,0112,Maize (corn),2010,4.89634,4.89634,,Storage,Farm,,,,Modelled Estimates,"APHLIS, (2021), APHLIS",https://www.aphlis.net/en/data/tables/value-chain/NG/all-crops/2010?metric=prc&download=csv,,,,True,False,False,True,True,True,False
20403,566,Nigeria,,0112,Maize (corn),2010,1.32,1.32,,"Shelling, Threshing",,,,,Modelled Estimates,"APHLIS, (2021), APHLIS",https://www.aphlis.net/en/data/tables/value-chain/NG/all-crops/2010?metric=prc&download=csv,,,,True,False,False,True,True,False,False
20404,566,Nigeria,,0112,Maize (corn),2010,2.37312,2.37312,,Transportation,Farm,,,,Modelled Estimates,"APHLIS, (2021), APHLIS",https://www.aphlis.net/en/data/tables/value-chain/NG/all-crops/2010?metric=prc&download=csv,,,,True,False,False,True,True,True,False
20405,566,Nigeria,,0112,Maize (corn),2010,4.0,4,,Drying,Farm,,,,Modelled Estimates,"APHLIS, (2021), APHLIS",https://www.aphlis.net/en/data/tables/value-chain/NG/all-crops/2010?metric=prc&download=csv,,,,True,False,False,True,True,True,False
20406,566,Nigeria,,0113,Rice,2010,4.40406,4.40406,,"Drying, Harvesting",Harvest,,,,Modelled Estimates,"APHLIS, (2021), APHLIS",https://www.aphlis.net/en/data/tables/value-chain/NG/all-crops/2010?metric=prc&download=csv,,,,True,False,False,True,True,True,False
20407,566,Nigeria,,0113,Rice,2010,0.944989,0.944989,,Storage,Farm,,,,Modelled Estimates,"APHLIS, (2021), APHLIS",https://www.aphlis.net/en/data/tables/value-chain/NG/all-crops/2010?metric=prc&download=csv,,,,True,False,False,True,True,True,False
20408,566,Nigeria,,0113,Rice,2010,3.13714,3.13714,,"Shelling, Threshing",,,,,Modelled Estimates,"APHLIS, (2021), APHLIS",https://www.aphlis.net/en/data/tables/value-chain/NG/all-crops/2010?metric=prc&download=csv,,,,True,False,False,True,True,False,False
20409,566,Nigeria,,0113,Rice,2010,1.25,1.25,,Transportation,Farm,,,,Modelled Estimates,"APHLIS, (2021), APHLIS",https://www.aphlis.net/en/data/tables/value-chain/NG/all-crops/2010?metric=prc&download=csv,,,,True,False,False,True,True,True,False
20410,566,Nigeria,,0113,Rice,2010,2.5,2.5,,Winnowing,Farm,,,,Modelled Estimates,"APHLIS, (2021), APHLIS",https://www.aphlis.net/en/data/tables/value-chain/NG/all-crops/2010?metric=prc&download=csv,,,,True,False,False,True,True,True,False
20411,566,Nigeria,,0114,Sorghum,2010,4.55,4.55,,"Drying, Harvesting",Harvest,,,,Modelled Estimates,"APHLIS, (2021), APHLIS",https://www.aphlis.net/en/data/tables/value-chain/NG/all-crops/2010?metric=prc&download=csv,,,,True,False,False,True,True,True,False
20412,566,Nigeria,,0114,Sorghum,2010,2.5851,2.5851,,Storage,Farm,,,,Modelled Estimates,"APHLIS, (2021), APHLIS",https://www.aphlis.net/en/data/tables/value-chain/NG/all-crops/2010?metric=prc&download=csv,,,,True,False,False,True,True,True,False
20413,566,Nigeria,,0114,Sorghum,2010,3.6,3.6,,"Shelling, Threshing",,,,,Modelled Estimates,"APHLIS, (2021), APHLIS",https://www.aphlis.net/en/data/tables/value-chain/NG/all-crops/2010?metric=prc&download=csv,,,,True,False,False,True,True,False,False
20414,566,Nigeria,,0114,Sorghum,2010,2.16667,2.16667,,Transportation,Farm,,,,Modelled Estimates,"APHLIS, (2021), APHLIS",https://www.aphlis.net/en/data/tables/value-chain/NG/all-crops/2010?metric=prc&download=csv,,,,True,False,False,True,True,True,False
20415,566,Nigeria,,0118,Millet,2010,3.5,3.5,,"Drying, Harvesting",Harvest,,,,Modelled Estimates,"APHLIS, (2021), APHLIS",https://www.aphlis.net/en/data/tables/value-chain/NG/all-crops/2010?metric=prc&download=csv,,,,True,False,False,True,True,True,False
20416,566,Nigeria,,0118,Millet,2010,0.760514,0.760514,,Storage,Farm,,,,Modelled Estimates,"APHLIS, (2021), APHLIS",https://www.aphlis.net/en/data/tables/value-chain/NG/all-crops/2010?metric=prc&download=csv,,,,True,False,False,True,True,True,False
20417,566,Nigeria,,0118,Millet,2010,2.0,2,,"Shelling, Threshing",,,,,Modelled Estimates,"APHLIS, (2021), APHLIS",https://www.aphlis.net/en/data/tables/value-chain/NG/all-crops/2010?metric=prc&download=csv,,,,True,False,False,True,True,False,False
20418,566,Nigeria,,0118,Millet,2010,2.5,2.5,,Transportation,Farm,,,,Modelled Estimates,"APHLIS, (2021), APHLIS",https://www.aphlis.net/en/data/tables/value-chain/NG/all-crops/2010?metric=prc&download=csv,,,,True,False,False,True,True,True,False
20419,566,Nigeria,,0118,Millet,2010,0.979909,0.979909,,Winnowing,Farm,,,,Modelled Estimates,"APHLIS, (2021), APHLIS",https://www.aphlis.net/en/data/tables/value-chain/NG/all-crops/2010?metric=prc&download=csv,,,,True,False,False,True,True,True,False
20420,566,Nigeria,,0112,Maize (corn),2010,11.5,10.0-13,,,Farm,,,450,Survey,"F.F. Olayemi; Adetayo Adegbola; Eunice I Bamishaiye; Awagu Fidelis, (2012), Assessment Of Post Harvest Losses Of Some Selected Crops In Eight Local Government Areas Of Rivers State, Nigeria",https://www.researchgate.net/publication/274427068_Assessment_of_Post_Harvest_Losses_of_Some_Selected_Crops_in_Eight_Local_Government_Areas_of_Rivers_State_Nigeria,,,450.0,True,False,True,True,False,True,False
20421,566,Nigeria,"Rivers State A(Degema, Bonny, Port Harcourt); B(tai, omuma, oyigboo); C(ahoada West, Emohua)",0112,Maize (corn),2010,9.0,8.0-10,,,Storage,,Traditional Storage,450,Survey,"F.F. Olayemi; Adetayo Adegbola; Eunice I Bamishaiye; Awagu Fidelis, (2012), Assessment Of Post Harvest Losses Of Some Selected Crops In Eight Local Government Areas Of Rivers State, Nigeria",https://www.researchgate.net/publication/274427068_Assessment_of_Post_Harvest_Losses_of_Some_Selected_Crops_in_Eight_Local_Government_Areas_of_Rivers_State_Nigeria,,,450.0,True,False,True,True,False,True,True
20422,566,Nigeria,,01313,Plantains and cooking bananas,2010,26.0,26-26,,,Farm,,"Poor cultural practices, not processed into flour, raw commodity left to rot",450,Survey,"F.F. Olayemi; Adetayo Adegbola; Eunice I Bamishaiye; Awagu Fidelis, (2012), Assessment Of Post Harvest Losses Of Some Selected Crops In Eight Local Government Areas Of Rivers State, Nigeria",https://www.researchgate.net/publication/274427068_Assessment_of_Post_Harvest_Losses_of_Some_Selected_Crops_in_Eight_Local_Government_Areas_of_Rivers_State_Nigeria,,,450.0,True,False,True,True,False,True,True
20423,566,Nigeria,,01520.01,"Cassava, fresh",2010,26.5,23-30,,,Farm,,"Poor cultural practices, not processed into flour, raw commodity left to rot",450,Survey,"F.F. Olayemi; Adetayo Adegbola; Eunice I Bamishaiye; Awagu Fidelis, (2012), Assessment Of Post Harvest Losses Of Some Selected Crops In Eight Local Government Areas Of Rivers State, Nigeria",https://www.researchgate.net/publication/274427068_Assessment_of_Post_Harvest_Losses_of_Some_Selected_Crops_in_Eight_Local_Government_Areas_of_Rivers_State_Nigeria,,,450.0,True,False,True,True,False,True,True
20424,566,Nigeria,,01540,Yams,2010,14.5,12.0-17,,,Farm,,"Poor cultural practices, not processed into flour, raw commodity left to rot",450,Survey,"F.F. Olayemi; Adetayo Adegbola; Eunice I Bamishaiye; Awagu Fidelis, (2012), Assessment Of Post Harvest Losses Of Some Selected Crops In Eight Local Government Areas Of Rivers State, Nigeria",https://www.researchgate.net/publication/274427068_Assessment_of_Post_Harvest_Losses_of_Some_Selected_Crops_in_Eight_Local_Government_Areas_of_Rivers_State_Nigeria,,,450.0,True,False,True,True,False,True,True
20425,566,Nigeria,,01540,Yams,2010,22.5,20-25,,,Storage,,"Poor cultural practices, not processed into flour, raw commodity left to rot; Traditional Storage",450,Survey,"F.F. Olayemi; Adetayo Adegbola; Eunice I Bamishaiye; Awagu Fidelis, (2012), Assessment Of Post Harvest Losses Of Some Selected Crops In Eight Local Government Areas Of Rivers State, Nigeria",https://www.researchgate.net/publication/274427068_Assessment_of_Post_Harvest_Losses_of_Some_Selected_Crops_in_Eight_Local_Government_Areas_of_Rivers_State_Nigeria,,,450.0,True,False,True,True,False,True,True
20426,566,Nigeria,,01540,Yams,2010,7.5,5.0-10,,,Transport,,,,Literature Review,"COMCEC, (2016), Reducing Postharvest Losses In The Oic Member Countries",http://www.mod.gov.tr/Lists/RecentPublications/Attachments/120/Reducing%20Postharvest%20Losses%20in%20the%20OIC%20Member%20Countries.pdf,,,,True,False,False,True,False,True,False
20427,566,Nigeria,,0112,Maize (corn),2009,6.78179,6.78179,,"Drying, Harvesting",Harvest,,,,Modelled Estimates,"APHLIS, (2021), APHLIS",https://www.aphlis.net/en/data/tables/value-chain/NG/all-crops/2009?metric=prc&download=csv,,,,True,False,False,True,True,True,False
20428,566,Nigeria,,0112,Maize (corn),2009,4.42483,4.42483,,Storage,Farm,,,,Modelled Estimates,"APHLIS, (2021), APHLIS",https://www.aphlis.net/en/data/tables/value-chain/NG/all-crops/2009?metric=prc&download=csv,,,,True,False,False,True,True,True,False
20429,566,Nigeria,,0112,Maize (corn),2009,1.32,1.32,,"Shelling, Threshing",,,,,Modelled Estimates,"APHLIS, (2021), APHLIS",https://www.aphlis.net/en/data/tables/value-chain/NG/all-crops/2009?metric=prc&download=csv,,,,True,False,False,True,True,False,False
20430,566,Nigeria,,0112,Maize (corn),2009,2.37105,2.37105,,Transportation,Farm,,,,Modelled Estimates,"APHLIS, (2021), APHLIS",https://www.aphlis.net/en/data/tables/value-chain/NG/all-crops/2009?metric=prc&download=csv,,,,True,False,False,True,True,True,False
20431,566,Nigeria,,0112,Maize (corn),2009,4.0,4,,Drying,Farm,,,,Modelled Estimates,"APHLIS, (2021), APHLIS",https://www.aphlis.net/en/data/tables/value-chain/NG/all-crops/2009?metric=prc&download=csv,,,,True,False,False,True,True,True,False
20432,566,Nigeria,,0113,Rice,2009,4.61359,4.61359,,"Drying, Harvesting",Harvest,,,,Modelled Estimates,"APHLIS, (2021), APHLIS",https://www.aphlis.net/en/data/tables/value-chain/NG/all-crops/2009?metric=prc&download=csv,,,,True,False,False,True,True,True,False
20433,566,Nigeria,,0113,Rice,2009,0.922227,0.922227,,Storage,Farm,,,,Modelled Estimates,"APHLIS, (2021), APHLIS",https://www.aphlis.net/en/data/tables/value-chain/NG/all-crops/2009?metric=prc&download=csv,,,,True,False,False,True,True,True,False
20434,566,Nigeria,,0113,Rice,2009,3.13714,3.13714,,"Shelling, Threshing",,,,,Modelled Estimates,"APHLIS, (2021), APHLIS",https://www.aphlis.net/en/data/tables/value-chain/NG/all-crops/2009?metric=prc&download=csv,,,,True,False,False,True,True,False,False
20435,566,Nigeria,,0113,Rice,2009,1.25,1.25,,Transportation,Farm,,,,Modelled Estimates,"APHLIS, (2021), APHLIS",https://www.aphlis.net/en/data/tables/value-chain/NG/all-crops/2009?metric=prc&download=csv,,,,True,False,False,True,True,True,False
20436,566,Nigeria,,0113,Rice,2009,2.5,2.5,,Winnowing,Farm,,,,Modelled Estimates,"APHLIS, (2021), APHLIS",https://www.aphlis.net/en/data/tables/value-chain/NG/all-crops/2009?metric=prc&download=csv,,,,True,False,False,True,True,True,False
20437,566,Nigeria,,0114,Sorghum,2009,4.55,4.55,,"Drying, Harvesting",Harvest,,,,Modelled Estimates,"APHLIS, (2021), APHLIS",https://www.aphlis.net/en/data/tables/value-chain/NG/all-crops/2009?metric=prc&download=csv,,,,True,False,False,True,True,True,False
20438,566,Nigeria,,0114,Sorghum,2009,2.57961,2.57961,,Storage,Farm,,,,Modelled Estimates,"APHLIS, (2021), APHLIS",https://www.aphlis.net/en/data/tables/value-chain/NG/all-crops/2009?metric=prc&download=csv,,,,True,False,False,True,True,True,False
20439,566,Nigeria,,0114,Sorghum,2009,3.6,3.6,,"Shelling, Threshing",,,,,Modelled Estimates,"APHLIS, (2021), APHLIS",https://www.aphlis.net/en/data/tables/value-chain/NG/all-crops/2009?metric=prc&download=csv,,,,True,False,False,True,True,False,False
20440,566,Nigeria,,0114,Sorghum,2009,2.16667,2.16667,,Transportation,Farm,,,,Modelled Estimates,"APHLIS, (2021), APHLIS",https://www.aphlis.net/en/data/tables/value-chain/NG/all-crops/2009?metric=prc&download=csv,,,,True,False,False,True,True,True,False
20441,566,Nigeria,,0118,Millet,2009,3.5,3.5,,"Drying, Harvesting",Harvest,,,,Modelled Estimates,"APHLIS, (2021), APHLIS",https://www.aphlis.net/en/data/tables/value-chain/NG/all-crops/2009?metric=prc&download=csv,,,,True,False,False,True,True,True,False
20442,566,Nigeria,,0118,Millet,2009,0.749752,0.749752,,Storage,Farm,,,,Modelled Estimates,"APHLIS, (2021), APHLIS",https://www.aphlis.net/en/data/tables/value-chain/NG/all-crops/2009?metric=prc&download=csv,,,,True,False,False,True,True,True,False
20443,566,Nigeria,,0118,Millet,2009,2.0,2,,"Shelling, Threshing",,,,,Modelled Estimates,"APHLIS, (2021), APHLIS",https://www.aphlis.net/en/data/tables/value-chain/NG/all-crops/2009?metric=prc&download=csv,,,,True,False,False,True,True,False,False
20444,566,Nigeria,,0118,Millet,2009,2.5,2.5,,Transportation,Farm,,,,Modelled Estimates,"APHLIS, (2021), APHLIS",https://www.aphlis.net/en/data/tables/value-chain/NG/all-crops/2009?metric=prc&download=csv,,,,True,False,False,True,True,True,False
20445,566,Nigeria,,0118,Millet,2009,0.939808,0.939808,,Winnowing,Farm,,,,Modelled Estimates,"APHLIS, (2021), APHLIS",https://www.aphlis.net/en/data/tables/value-chain/NG/all-crops/2009?metric=prc&download=csv,,,,True,False,False,True,True,True,False
20446,566,Nigeria,,0112,Maize (corn),2008,6.67395,6.67395,,"Drying, Harvesting",Harvest,,,,Modelled Estimates,"APHLIS, (2021), APHLIS",https://www.aphlis.net/en/data/tables/value-chain/NG/all-crops/2008?metric=prc&download=csv,,,,True,False,False,True,True,True,False
20447,566,Nigeria,,0112,Maize (corn),2008,4.35929,4.35929,,Storage,Farm,,,,Modelled Estimates,"APHLIS, (2021), APHLIS",https://www.aphlis.net/en/data/tables/value-chain/NG/all-crops/2008?metric=prc&download=csv,,,,True,False,False,True,True,True,False
20448,566,Nigeria,,0112,Maize (corn),2008,1.32,1.32,,"Shelling, Threshing",,,,,Modelled Estimates,"APHLIS, (2021), APHLIS",https://www.aphlis.net/en/data/tables/value-chain/NG/all-crops/2008?metric=prc&download=csv,,,,True,False,False,True,True,False,False
20449,566,Nigeria,,0112,Maize (corn),2008,2.37102,2.37102,,Transportation,Farm,,,,Modelled Estimates,"APHLIS, (2021), APHLIS",https://www.aphlis.net/en/data/tables/value-chain/NG/all-crops/2008?metric=prc&download=csv,,,,True,False,False,True,True,True,False
20450,566,Nigeria,,0112,Maize (corn),2008,4.0,4,,Drying,Farm,,,,Modelled Estimates,"APHLIS, (2021), APHLIS",https://www.aphlis.net/en/data/tables/value-chain/NG/all-crops/2008?metric=prc&download=csv,,,,True,False,False,True,True,True,False
20451,566,Nigeria,,0113,Rice,2008,4.62367,4.62367,,"Drying, Harvesting",Harvest,,,,Modelled Estimates,"APHLIS, (2021), APHLIS",https://www.aphlis.net/en/data/tables/value-chain/NG/all-crops/2008?metric=prc&download=csv,,,,True,False,False,True,True,True,False
20452,566,Nigeria,,0113,Rice,2008,0.926264,0.926264,,Storage,Farm,,,,Modelled Estimates,"APHLIS, (2021), APHLIS",https://www.aphlis.net/en/data/tables/value-chain/NG/all-crops/2008?metric=prc&download=csv,,,,True,False,False,True,True,True,False
20453,566,Nigeria,,0113,Rice,2008,3.13714,3.13714,,"Shelling, Threshing",,,,,Modelled Estimates,"APHLIS, (2021), APHLIS",https://www.aphlis.net/en/data/tables/value-chain/NG/all-crops/2008?metric=prc&download=csv,,,,True,False,False,True,True,False,False
20454,566,Nigeria,,0113,Rice,2008,1.25,1.25,,Transportation,Farm,,,,Modelled Estimates,"APHLIS, (2021), APHLIS",https://www.aphlis.net/en/data/tables/value-chain/NG/all-crops/2008?metric=prc&download=csv,,,,True,False,False,True,True,True,False
20455,566,Nigeria,,0113,Rice,2008,2.5,2.5,,Winnowing,Farm,,,,Modelled Estimates,"APHLIS, (2021), APHLIS",https://www.aphlis.net/en/data/tables/value-chain/NG/all-crops/2008?metric=prc&download=csv,,,,True,False,False,True,True,True,False
20456,566,Nigeria,,0114,Sorghum,2008,4.55,4.55,,"Drying, Harvesting",Harvest,,,,Modelled Estimates,"APHLIS, (2021), APHLIS",https://www.aphlis.net/en/data/tables/value-chain/NG/all-crops/2008?metric=prc&download=csv,,,,True,False,False,True,True,True,False
20457,566,Nigeria,,0114,Sorghum,2008,2.57967,2.57967,,Storage,Farm,,,,Modelled Estimates,"APHLIS, (2021), APHLIS",https://www.aphlis.net/en/data/tables/value-chain/NG/all-crops/2008?metric=prc&download=csv,,,,True,False,False,True,True,True,False
20458,566,Nigeria,,0114,Sorghum,2008,3.6,3.6,,"Shelling, Threshing",,,,,Modelled Estimates,"APHLIS, (2021), APHLIS",https://www.aphlis.net/en/data/tables/value-chain/NG/all-crops/2008?metric=prc&download=csv,,,,True,False,False,True,True,False,False
20459,566,Nigeria,,0114,Sorghum,2008,2.16667,2.16667,,Transportation,Farm,,,,Modelled Estimates,"APHLIS, (2021), APHLIS",https://www.aphlis.net/en/data/tables/value-chain/NG/all-crops/2008?metric=prc&download=csv,,,,True,False,False,True,True,True,False
20460,566,Nigeria,,0118,Millet,2008,3.5,3.5,,"Drying, Harvesting",Harvest,,,,Modelled Estimates,"APHLIS, (2021), APHLIS",https://www.aphlis.net/en/data/tables/value-chain/NG/all-crops/2008?metric=prc&download=csv,,,,True,False,False,True,True,True,False
20461,566,Nigeria,,0118,Millet,2008,0.768756,0.768756,,Storage,Farm,,,,Modelled Estimates,"APHLIS, (2021), APHLIS",https://www.aphlis.net/en/data/tables/value-chain/NG/all-crops/2008?metric=prc&download=csv,,,,True,False,False,True,True,True,False
20462,566,Nigeria,,0118,Millet,2008,2.0,2,,"Shelling, Threshing",,,,,Modelled Estimates,"APHLIS, (2021), APHLIS",https://www.aphlis.net/en/data/tables/value-chain/NG/all-crops/2008?metric=prc&download=csv,,,,True,False,False,True,True,False,False
20463,566,Nigeria,,0118,Millet,2008,2.5,2.5,,Transportation,Farm,,,,Modelled Estimates,"APHLIS, (2021), APHLIS",https://www.aphlis.net/en/data/tables/value-chain/NG/all-crops/2008?metric=prc&download=csv,,,,True,False,False,True,True,True,False
20464,566,Nigeria,,0118,Millet,2008,1.0106,1.0106,,Winnowing,Farm,,,,Modelled Estimates,"APHLIS, (2021), APHLIS",https://www.aphlis.net/en/data/tables/value-chain/NG/all-crops/2008?metric=prc&download=csv,,,,True,False,False,True,True,True,False
20465,566,Nigeria,,0112,Maize (corn),2007,6.42,6.42,,"Drying, Harvesting",Harvest,,,,Modelled Estimates,"APHLIS, (2021), APHLIS",https://www.aphlis.net/en/data/tables/value-chain/NG/all-crops/2007?metric=prc&download=csv,,,,True,False,False,True,True,True,False
20466,566,Nigeria,,0112,Maize (corn),2007,4.61127,4.61127,,Storage,Farm,,,,Modelled Estimates,"APHLIS, (2021), APHLIS",https://www.aphlis.net/en/data/tables/value-chain/NG/all-crops/2007?metric=prc&download=csv,,,,True,False,False,True,True,True,False
20467,566,Nigeria,,0112,Maize (corn),2007,1.32,1.32,,"Shelling, Threshing",,,,,Modelled Estimates,"APHLIS, (2021), APHLIS",https://www.aphlis.net/en/data/tables/value-chain/NG/all-crops/2007?metric=prc&download=csv,,,,True,False,False,True,True,False,False
20468,566,Nigeria,,0112,Maize (corn),2007,2.37153,2.37153,,Transportation,Farm,,,,Modelled Estimates,"APHLIS, (2021), APHLIS",https://www.aphlis.net/en/data/tables/value-chain/NG/all-crops/2007?metric=prc&download=csv,,,,True,False,False,True,True,True,False
20469,566,Nigeria,,0112,Maize (corn),2007,4.0,4,,Drying,Farm,,,,Modelled Estimates,"APHLIS, (2021), APHLIS",https://www.aphlis.net/en/data/tables/value-chain/NG/all-crops/2007?metric=prc&download=csv,,,,True,False,False,True,True,True,False
20470,566,Nigeria,,0113,Rice,2007,4.40333,4.40333,,"Drying, Harvesting",Harvest,,,,Modelled Estimates,"APHLIS, (2021), APHLIS",https://www.aphlis.net/en/data/tables/value-chain/NG/all-crops/2007?metric=prc&download=csv,,,,True,False,False,True,True,True,False
20471,566,Nigeria,,0113,Rice,2007,1.00693,1.00693,,Storage,Farm,,,,Modelled Estimates,"APHLIS, (2021), APHLIS",https://www.aphlis.net/en/data/tables/value-chain/NG/all-crops/2007?metric=prc&download=csv,,,,True,False,False,True,True,True,False
20472,566,Nigeria,,0113,Rice,2007,3.13714,3.13714,,"Shelling, Threshing",,,,,Modelled Estimates,"APHLIS, (2021), APHLIS",https://www.aphlis.net/en/data/tables/value-chain/NG/all-crops/2007?metric=prc&download=csv,,,,True,False,False,True,True,False,False
20473,566,Nigeria,,0113,Rice,2007,1.25,1.25,,Transportation,Farm,,,,Modelled Estimates,"APHLIS, (2021), APHLIS",https://www.aphlis.net/en/data/tables/value-chain/NG/all-crops/2007?metric=prc&download=csv,,,,True,False,False,True,True,True,False
20474,566,Nigeria,,0113,Rice,2007,2.5,2.5,,Winnowing,Farm,,,,Modelled Estimates,"APHLIS, (2021), APHLIS",https://www.aphlis.net/en/data/tables/value-chain/NG/all-crops/2007?metric=prc&download=csv,,,,True,False,False,True,True,True,False
20475,566,Nigeria,,0114,Sorghum,2007,4.55,4.55,,"Drying, Harvesting",Harvest,,,,Modelled Estimates,"APHLIS, (2021), APHLIS",https://www.aphlis.net/en/data/tables/value-chain/NG/all-crops/2007?metric=prc&download=csv,,,,True,False,False,True,True,True,False
20476,566,Nigeria,,0114,Sorghum,2007,2.5895,2.5895,,Storage,Farm,,,,Modelled Estimates,"APHLIS, (2021), APHLIS",https://www.aphlis.net/en/data/tables/value-chain/NG/all-crops/2007?metric=prc&download=csv,,,,True,False,False,True,True,True,False
20477,566,Nigeria,,0114,Sorghum,2007,3.6,3.6,,"Shelling, Threshing",,,,,Modelled Estimates,"APHLIS, (2021), APHLIS",https://www.aphlis.net/en/data/tables/value-chain/NG/all-crops/2007?metric=prc&download=csv,,,,True,False,False,True,True,False,False
20478,566,Nigeria,,0114,Sorghum,2007,2.16667,2.16667,,Transportation,Farm,,,,Modelled Estimates,"APHLIS, (2021), APHLIS",https://www.aphlis.net/en/data/tables/value-chain/NG/all-crops/2007?metric=prc&download=csv,,,,True,False,False,True,True,True,False
20479,566,Nigeria,,0118,Millet,2007,3.5,3.5,,"Drying, Harvesting",Harvest,,,,Modelled Estimates,"APHLIS, (2021), APHLIS",https://www.aphlis.net/en/data/tables/value-chain/NG/all-crops/2007?metric=prc&download=csv,,,,True,False,False,True,True,True,False
20480,566,Nigeria,,0118,Millet,2007,0.79713,0.79713,,Storage,Farm,,,,Modelled Estimates,"APHLIS, (2021), APHLIS",https://www.aphlis.net/en/data/tables/value-chain/NG/all-crops/2007?metric=prc&download=csv,,,,True,False,False,True,True,True,False
20481,566,Nigeria,,0118,Millet,2007,2.0,2,,"Shelling, Threshing",,,,,Modelled Estimates,"APHLIS, (2021), APHLIS",https://www.aphlis.net/en/data/tables/value-chain/NG/all-crops/2007?metric=prc&download=csv,,,,True,False,False,True,True,False,False
20482,566,Nigeria,,0118,Millet,2007,2.5,2.5,,Transportation,Farm,,,,Modelled Estimates,"APHLIS, (2021), APHLIS",https://www.aphlis.net/en/data/tables/value-chain/NG/all-crops/2007?metric=prc&download=csv,,,,True,False,False,True,True,True,False
20483,566,Nigeria,,0118,Millet,2007,1.1161,1.1161,,Winnowing,Farm,,,,Modelled Estimates,"APHLIS, (2021), APHLIS",https://www.aphlis.net/en/data/tables/value-chain/NG/all-crops/2007?metric=prc&download=csv,,,,True,False,False,True,True,True,False
20484,566,Nigeria,,0112,Maize (corn),2006,6.42,6.42,,"Drying, Harvesting",Harvest,,,,Modelled Estimates,"APHLIS, (2021), APHLIS",https://www.aphlis.net/en/data/tables/value-chain/NG/all-crops/2006?metric=prc&download=csv,,,,True,False,False,True,True,True,False
20485,566,Nigeria,,0112,Maize (corn),2006,4.56231,4.56231,,Storage,Farm,,,,Modelled Estimates,"APHLIS, (2021), APHLIS",https://www.aphlis.net/en/data/tables/value-chain/NG/all-crops/2006?metric=prc&download=csv,,,,True,False,False,True,True,True,False
20486,566,Nigeria,,0112,Maize (corn),2006,1.32,1.32,,"Shelling, Threshing",,,,,Modelled Estimates,"APHLIS, (2021), APHLIS",https://www.aphlis.net/en/data/tables/value-chain/NG/all-crops/2006?metric=prc&download=csv,,,,True,False,False,True,True,False,False
20487,566,Nigeria,,0112,Maize (corn),2006,2.37323,2.37323,,Transportation,Farm,,,,Modelled Estimates,"APHLIS, (2021), APHLIS",https://www.aphlis.net/en/data/tables/value-chain/NG/all-crops/2006?metric=prc&download=csv,,,,True,False,False,True,True,True,False
20488,566,Nigeria,,0112,Maize (corn),2006,4.0,4,,Drying,Farm,,,,Modelled Estimates,"APHLIS, (2021), APHLIS",https://www.aphlis.net/en/data/tables/value-chain/NG/all-crops/2006?metric=prc&download=csv,,,,True,False,False,True,True,True,False
20489,566,Nigeria,,0113,Rice,2006,4.40333,4.40333,,"Drying, Harvesting",Harvest,,,,Modelled Estimates,"APHLIS, (2021), APHLIS",https://www.aphlis.net/en/data/tables/value-chain/NG/all-crops/2006?metric=prc&download=csv,,,,True,False,False,True,True,True,False
20490,566,Nigeria,,0113,Rice,2006,1.02721,1.02721,,Storage,Farm,,,,Modelled Estimates,"APHLIS, (2021), APHLIS",https://www.aphlis.net/en/data/tables/value-chain/NG/all-crops/2006?metric=prc&download=csv,,,,True,False,False,True,True,True,False
20491,566,Nigeria,,0113,Rice,2006,3.13714,3.13714,,"Shelling, Threshing",,,,,Modelled Estimates,"APHLIS, (2021), APHLIS",https://www.aphlis.net/en/data/tables/value-chain/NG/all-crops/2006?metric=prc&download=csv,,,,True,False,False,True,True,False,False
20492,566,Nigeria,,0113,Rice,2006,1.25,1.25,,Transportation,Farm,,,,Modelled Estimates,"APHLIS, (2021), APHLIS",https://www.aphlis.net/en/data/tables/value-chain/NG/all-crops/2006?metric=prc&download=csv,,,,True,False,False,True,True,True,False
20493,566,Nigeria,,0113,Rice,2006,2.5,2.5,,Winnowing,Farm,,,,Modelled Estimates,"APHLIS, (2021), APHLIS",https://www.aphlis.net/en/data/tables/value-chain/NG/all-crops/2006?metric=prc&download=csv,,,,True,False,False,True,True,True,False
20494,566,Nigeria,,0114,Sorghum,2006,4.55,4.55,,"Drying, Harvesting",Harvest,,,,Modelled Estimates,"APHLIS, (2021), APHLIS",https://www.aphlis.net/en/data/tables/value-chain/NG/all-crops/2006?metric=prc&download=csv,,,,True,False,False,True,True,True,False
20495,566,Nigeria,,0114,Sorghum,2006,2.59156,2.59156,,Storage,Farm,,,,Modelled Estimates,"APHLIS, (2021), APHLIS",https://www.aphlis.net/en/data/tables/value-chain/NG/all-crops/2006?metric=prc&download=csv,,,,True,False,False,True,True,True,False
20496,566,Nigeria,,0114,Sorghum,2006,3.6,3.6,,"Shelling, Threshing",,,,,Modelled Estimates,"APHLIS, (2021), APHLIS",https://www.aphlis.net/en/data/tables/value-chain/NG/all-crops/2006?metric=prc&download=csv,,,,True,False,False,True,True,False,False
20497,566,Nigeria,,0114,Sorghum,2006,2.16667,2.16667,,Transportation,Farm,,,,Modelled Estimates,"APHLIS, (2021), APHLIS",https://www.aphlis.net/en/data/tables/value-chain/NG/all-crops/2006?metric=prc&download=csv,,,,True,False,False,True,True,True,False
20498,566,Nigeria,,0118,Millet,2006,3.5,3.5,,"Drying, Harvesting",Harvest,,,,Modelled Estimates,"APHLIS, (2021), APHLIS",https://www.aphlis.net/en/data/tables/value-chain/NG/all-crops/2006?metric=prc&download=csv,,,,True,False,False,True,True,True,False
20499,566,Nigeria,,0118,Millet,2006,0.788479,0.788479,,Storage,Farm,,,,Modelled Estimates,"APHLIS, (2021), APHLIS",https://www.aphlis.net/en/data/tables/value-chain/NG/all-crops/2006?metric=prc&download=csv,,,,True,False,False,True,True,True,False
20500,566,Nigeria,,0118,Millet,2006,2.0,2,,"Shelling, Threshing",,,,,Modelled Estimates,"APHLIS, (2021), APHLIS",https://www.aphlis.net/en/data/tables/value-chain/NG/all-crops/2006?metric=prc&download=csv,,,,True,False,False,True,True,False,False
20501,566,Nigeria,,0118,Millet,2006,2.5,2.5,,Transportation,Farm,,,,Modelled Estimates,"APHLIS, (2021), APHLIS",https://www.aphlis.net/en/data/tables/value-chain/NG/all-crops/2006?metric=prc&download=csv,,,,True,False,False,True,True,True,False
20502,566,Nigeria,,0118,Millet,2006,1.08396,1.08396,,Winnowing,Farm,,,,Modelled Estimates,"APHLIS, (2021), APHLIS",https://www.aphlis.net/en/data/tables/value-chain/NG/all-crops/2006?metric=prc&download=csv,,,,True,False,False,True,True,True,False
20503,566,Nigeria,,0112,Maize (corn),2006,28.0,28 %,,Storage,Storage,Stored in cribs for 4 months,Insect damage,,Literature Review,"AJB SERVER, (2006), On-Farm Storage Studies On Sorghum And Chickpea In Eritrea",,Source : Ogunlane MC (1976). Storage pests in Nigeria and storage methods in  Nigeria. Ent. Soc. Nig. 9:18-23.,,,True,False,False,False,True,True,True
20504,566,Nigeria,,0112,Maize (corn),2005,6.42,6.42,,"Drying, Harvesting",Harvest,,,,Modelled Estimates,"APHLIS, (2021), APHLIS",https://www.aphlis.net/en/data/tables/value-chain/NG/all-crops/2005?metric=prc&download=csv,,,,True,False,False,True,True,True,False
20505,566,Nigeria,,0112,Maize (corn),2005,4.58079,4.58079,,Storage,Farm,,,,Modelled Estimates,"APHLIS, (2021), APHLIS",https://www.aphlis.net/en/data/tables/value-chain/NG/all-crops/2005?metric=prc&download=csv,,,,True,False,False,True,True,True,False
20506,566,Nigeria,,0112,Maize (corn),2005,1.32,1.32,,"Shelling, Threshing",,,,,Modelled Estimates,"APHLIS, (2021), APHLIS",https://www.aphlis.net/en/data/tables/value-chain/NG/all-crops/2005?metric=prc&download=csv,,,,True,False,False,True,True,False,False
20507,566,Nigeria,,0112,Maize (corn),2005,2.37167,2.37167,,Transportation,Farm,,,,Modelled Estimates,"APHLIS, (2021), APHLIS",https://www.aphlis.net/en/data/tables/value-chain/NG/all-crops/2005?metric=prc&download=csv,,,,True,False,False,True,True,True,False
20508,566,Nigeria,,0112,Maize (corn),2005,4.0,4,,Drying,Farm,,,,Modelled Estimates,"APHLIS, (2021), APHLIS",https://www.aphlis.net/en/data/tables/value-chain/NG/all-crops/2005?metric=prc&download=csv,,,,True,False,False,True,True,True,False
20509,566,Nigeria,,0113,Rice,2005,4.40333,4.40333,,"Drying, Harvesting",Harvest,,,,Modelled Estimates,"APHLIS, (2021), APHLIS",https://www.aphlis.net/en/data/tables/value-chain/NG/all-crops/2005?metric=prc&download=csv,,,,True,False,False,True,True,True,False
20510,566,Nigeria,,0113,Rice,2005,1.03721,1.03721,,Storage,Farm,,,,Modelled Estimates,"APHLIS, (2021), APHLIS",https://www.aphlis.net/en/data/tables/value-chain/NG/all-crops/2005?metric=prc&download=csv,,,,True,False,False,True,True,True,False
20511,566,Nigeria,,0113,Rice,2005,3.13714,3.13714,,"Shelling, Threshing",,,,,Modelled Estimates,"APHLIS, (2021), APHLIS",https://www.aphlis.net/en/data/tables/value-chain/NG/all-crops/2005?metric=prc&download=csv,,,,True,False,False,True,True,False,False
20512,566,Nigeria,,0113,Rice,2005,1.25,1.25,,Transportation,Farm,,,,Modelled Estimates,"APHLIS, (2021), APHLIS",https://www.aphlis.net/en/data/tables/value-chain/NG/all-crops/2005?metric=prc&download=csv,,,,True,False,False,True,True,True,False
20513,566,Nigeria,,0113,Rice,2005,2.5,2.5,,Winnowing,Farm,,,,Modelled Estimates,"APHLIS, (2021), APHLIS",https://www.aphlis.net/en/data/tables/value-chain/NG/all-crops/2005?metric=prc&download=csv,,,,True,False,False,True,True,True,False
20514,566,Nigeria,,0114,Sorghum,2005,4.55,4.55,,"Drying, Harvesting",Harvest,,,,Modelled Estimates,"APHLIS, (2021), APHLIS",https://www.aphlis.net/en/data/tables/value-chain/NG/all-crops/2005?metric=prc&download=csv,,,,True,False,False,True,True,True,False
20515,566,Nigeria,,0114,Sorghum,2005,2.5965,2.5965,,Storage,Farm,,,,Modelled Estimates,"APHLIS, (2021), APHLIS",https://www.aphlis.net/en/data/tables/value-chain/NG/all-crops/2005?metric=prc&download=csv,,,,True,False,False,True,True,True,False
20516,566,Nigeria,,0114,Sorghum,2005,3.6,3.6,,"Shelling, Threshing",,,,,Modelled Estimates,"APHLIS, (2021), APHLIS",https://www.aphlis.net/en/data/tables/value-chain/NG/all-crops/2005?metric=prc&download=csv,,,,True,False,False,True,True,False,False
20517,566,Nigeria,,0114,Sorghum,2005,2.16667,2.16667,,Transportation,Farm,,,,Modelled Estimates,"APHLIS, (2021), APHLIS",https://www.aphlis.net/en/data/tables/value-chain/NG/all-crops/2005?metric=prc&download=csv,,,,True,False,False,True,True,True,False
20518,566,Nigeria,,0118,Millet,2005,3.5,3.5,,"Drying, Harvesting",Harvest,,,,Modelled Estimates,"APHLIS, (2021), APHLIS",https://www.aphlis.net/en/data/tables/value-chain/NG/all-crops/2005?metric=prc&download=csv,,,,True,False,False,True,True,True,False
20519,566,Nigeria,,0118,Millet,2005,0.783935,0.783935,,Storage,Farm,,,,Modelled Estimates,"APHLIS, (2021), APHLIS",https://www.aphlis.net/en/data/tables/value-chain/NG/all-crops/2005?metric=prc&download=csv,,,,True,False,False,True,True,True,False
20520,566,Nigeria,,0118,Millet,2005,2.0,2,,"Shelling, Threshing",,,,,Modelled Estimates,"APHLIS, (2021), APHLIS",https://www.aphlis.net/en/data/tables/value-chain/NG/all-crops/2005?metric=prc&download=csv,,,,True,False,False,True,True,False,False
20521,566,Nigeria,,0118,Millet,2005,2.5,2.5,,Transportation,Farm,,,,Modelled Estimates,"APHLIS, (2021), APHLIS",https://www.aphlis.net/en/data/tables/value-chain/NG/all-crops/2005?metric=prc&download=csv,,,,True,False,False,True,True,True,False
20522,566,Nigeria,,0118,Millet,2005,1.06707,1.06707,,Winnowing,Farm,,,,Modelled Estimates,"APHLIS, (2021), APHLIS",https://www.aphlis.net/en/data/tables/value-chain/NG/all-crops/2005?metric=prc&download=csv,,,,True,False,False,True,True,True,False
20523,566,Nigeria,,0112,Maize (corn),2004,6.42,6.42,,"Drying, Harvesting",Harvest,,,,Modelled Estimates,"APHLIS, (2021), APHLIS",https://www.aphlis.net/en/data/tables/value-chain/NG/all-crops/2004?metric=prc&download=csv,,,,True,False,False,True,True,True,False
20524,566,Nigeria,,0112,Maize (corn),2004,4.52573,4.52573,,Storage,Farm,,,,Modelled Estimates,"APHLIS, (2021), APHLIS",https://www.aphlis.net/en/data/tables/value-chain/NG/all-crops/2004?metric=prc&download=csv,,,,True,False,False,True,True,True,False
20525,566,Nigeria,,0112,Maize (corn),2004,1.32,1.32,,"Shelling, Threshing",,,,,Modelled Estimates,"APHLIS, (2021), APHLIS",https://www.aphlis.net/en/data/tables/value-chain/NG/all-crops/2004?metric=prc&download=csv,,,,True,False,False,True,True,False,False
20526,566,Nigeria,,0112,Maize (corn),2004,2.3715,2.3715,,Transportation,Farm,,,,Modelled Estimates,"APHLIS, (2021), APHLIS",https://www.aphlis.net/en/data/tables/value-chain/NG/all-crops/2004?metric=prc&download=csv,,,,True,False,False,True,True,True,False
20527,566,Nigeria,,0112,Maize (corn),2004,4.0,4,,Drying,Farm,,,,Modelled Estimates,"APHLIS, (2021), APHLIS",https://www.aphlis.net/en/data/tables/value-chain/NG/all-crops/2004?metric=prc&download=csv,,,,True,False,False,True,True,True,False
20528,566,Nigeria,,0113,Rice,2004,4.40333,4.40333,,"Drying, Harvesting",Harvest,,,,Modelled Estimates,"APHLIS, (2021), APHLIS",https://www.aphlis.net/en/data/tables/value-chain/NG/all-crops/2004?metric=prc&download=csv,,,,True,False,False,True,True,True,False
20529,566,Nigeria,,0113,Rice,2004,1.07359,1.07359,,Storage,Farm,,,,Modelled Estimates,"APHLIS, (2021), APHLIS",https://www.aphlis.net/en/data/tables/value-chain/NG/all-crops/2004?metric=prc&download=csv,,,,True,False,False,True,True,True,False
20530,566,Nigeria,,0113,Rice,2004,3.13714,3.13714,,"Shelling, Threshing",,,,,Modelled Estimates,"APHLIS, (2021), APHLIS",https://www.aphlis.net/en/data/tables/value-chain/NG/all-crops/2004?metric=prc&download=csv,,,,True,False,False,True,True,False,False
20531,566,Nigeria,,0113,Rice,2004,1.25,1.25,,Transportation,Farm,,,,Modelled Estimates,"APHLIS, (2021), APHLIS",https://www.aphlis.net/en/data/tables/value-chain/NG/all-crops/2004?metric=prc&download=csv,,,,True,False,False,True,True,True,False
20532,566,Nigeria,,0113,Rice,2004,2.5,2.5,,Winnowing,Farm,,,,Modelled Estimates,"APHLIS, (2021), APHLIS",https://www.aphlis.net/en/data/tables/value-chain/NG/all-crops/2004?metric=prc&download=csv,,,,True,False,False,True,True,True,False
20533,566,Nigeria,,0114,Sorghum,2004,4.55,4.55,,"Drying, Harvesting",Harvest,,,,Modelled Estimates,"APHLIS, (2021), APHLIS",https://www.aphlis.net/en/data/tables/value-chain/NG/all-crops/2004?metric=prc&download=csv,,,,True,False,False,True,True,True,False
20534,566,Nigeria,,0114,Sorghum,2004,2.59892,2.59892,,Storage,Farm,,,,Modelled Estimates,"APHLIS, (2021), APHLIS",https://www.aphlis.net/en/data/tables/value-chain/NG/all-crops/2004?metric=prc&download=csv,,,,True,False,False,True,True,True,False
20535,566,Nigeria,,0114,Sorghum,2004,3.6,3.6,,"Shelling, Threshing",,,,,Modelled Estimates,"APHLIS, (2021), APHLIS",https://www.aphlis.net/en/data/tables/value-chain/NG/all-crops/2004?metric=prc&download=csv,,,,True,False,False,True,True,False,False
20536,566,Nigeria,,0114,Sorghum,2004,2.16667,2.16667,,Transportation,Farm,,,,Modelled Estimates,"APHLIS, (2021), APHLIS",https://www.aphlis.net/en/data/tables/value-chain/NG/all-crops/2004?metric=prc&download=csv,,,,True,False,False,True,True,True,False
20537,566,Nigeria,,0118,Millet,2004,3.5,3.5,,"Drying, Harvesting",Harvest,,,,Modelled Estimates,"APHLIS, (2021), APHLIS",https://www.aphlis.net/en/data/tables/value-chain/NG/all-crops/2004?metric=prc&download=csv,,,,True,False,False,True,True,True,False
20538,566,Nigeria,,0118,Millet,2004,0.782452,0.782452,,Storage,Farm,,,,Modelled Estimates,"APHLIS, (2021), APHLIS",https://www.aphlis.net/en/data/tables/value-chain/NG/all-crops/2004?metric=prc&download=csv,,,,True,False,False,True,True,True,False
20539,566,Nigeria,,0118,Millet,2004,2.0,2,,"Shelling, Threshing",,,,,Modelled Estimates,"APHLIS, (2021), APHLIS",https://www.aphlis.net/en/data/tables/value-chain/NG/all-crops/2004?metric=prc&download=csv,,,,True,False,False,True,True,False,False
20540,566,Nigeria,,0118,Millet,2004,2.5,2.5,,Transportation,Farm,,,,Modelled Estimates,"APHLIS, (2021), APHLIS",https://www.aphlis.net/en/data/tables/value-chain/NG/all-crops/2004?metric=prc&download=csv,,,,True,False,False,True,True,True,False
20541,566,Nigeria,,0118,Millet,2004,1.06155,1.06155,,Winnowing,Farm,,,,Modelled Estimates,"APHLIS, (2021), APHLIS",https://www.aphlis.net/en/data/tables/value-chain/NG/all-crops/2004?metric=prc&download=csv,,,,True,False,False,True,True,True,False
20542,566,Nigeria,,0112,Maize (corn),2003,6.42,6.42,,"Drying, Harvesting",Harvest,,,,Modelled Estimates,"APHLIS, (2021), APHLIS",https://www.aphlis.net/en/data/tables/value-chain/NG/all-crops/2003?metric=prc&download=csv,,,,True,False,False,True,True,True,False
20543,566,Nigeria,,0112,Maize (corn),2003,4.59173,4.59173,,Storage,Farm,,,,Modelled Estimates,"APHLIS, (2021), APHLIS",https://www.aphlis.net/en/data/tables/value-chain/NG/all-crops/2003?metric=prc&download=csv,,,,True,False,False,True,True,True,False
20544,566,Nigeria,,0112,Maize (corn),2003,1.32,1.32,,"Shelling, Threshing",,,,,Modelled Estimates,"APHLIS, (2021), APHLIS",https://www.aphlis.net/en/data/tables/value-chain/NG/all-crops/2003?metric=prc&download=csv,,,,True,False,False,True,True,False,False
20545,566,Nigeria,,0112,Maize (corn),2003,2.37337,2.37337,,Transportation,Farm,,,,Modelled Estimates,"APHLIS, (2021), APHLIS",https://www.aphlis.net/en/data/tables/value-chain/NG/all-crops/2003?metric=prc&download=csv,,,,True,False,False,True,True,True,False
20546,566,Nigeria,,0112,Maize (corn),2003,4.0,4,,Drying,Farm,,,,Modelled Estimates,"APHLIS, (2021), APHLIS",https://www.aphlis.net/en/data/tables/value-chain/NG/all-crops/2003?metric=prc&download=csv,,,,True,False,False,True,True,True,False
20547,566,Nigeria,,0113,Rice,2003,4.40333,4.40333,,"Drying, Harvesting",Harvest,,,,Modelled Estimates,"APHLIS, (2021), APHLIS",https://www.aphlis.net/en/data/tables/value-chain/NG/all-crops/2003?metric=prc&download=csv,,,,True,False,False,True,True,True,False
20548,566,Nigeria,,0113,Rice,2003,1.06736,1.06736,,Storage,Farm,,,,Modelled Estimates,"APHLIS, (2021), APHLIS",https://www.aphlis.net/en/data/tables/value-chain/NG/all-crops/2003?metric=prc&download=csv,,,,True,False,False,True,True,True,False
20549,566,Nigeria,,0113,Rice,2003,3.13714,3.13714,,"Shelling, Threshing",,,,,Modelled Estimates,"APHLIS, (2021), APHLIS",https://www.aphlis.net/en/data/tables/value-chain/NG/all-crops/2003?metric=prc&download=csv,,,,True,False,False,True,True,False,False
20550,566,Nigeria,,0113,Rice,2003,1.25,1.25,,Transportation,Farm,,,,Modelled Estimates,"APHLIS, (2021), APHLIS",https://www.aphlis.net/en/data/tables/value-chain/NG/all-crops/2003?metric=prc&download=csv,,,,True,False,False,True,True,True,False
20551,566,Nigeria,,0113,Rice,2003,2.5,2.5,,Winnowing,Farm,,,,Modelled Estimates,"APHLIS, (2021), APHLIS",https://www.aphlis.net/en/data/tables/value-chain/NG/all-crops/2003?metric=prc&download=csv,,,,True,False,False,True,True,True,False
20552,566,Nigeria,,0114,Sorghum,2003,4.55,4.55,,"Drying, Harvesting",Harvest,,,,Modelled Estimates,"APHLIS, (2021), APHLIS",https://www.aphlis.net/en/data/tables/value-chain/NG/all-crops/2003?metric=prc&download=csv,,,,True,False,False,True,True,True,False
20553,566,Nigeria,,0114,Sorghum,2003,2.59743,2.59743,,Storage,Farm,,,,Modelled Estimates,"APHLIS, (2021), APHLIS",https://www.aphlis.net/en/data/tables/value-chain/NG/all-crops/2003?metric=prc&download=csv,,,,True,False,False,True,True,True,False
20554,566,Nigeria,,0114,Sorghum,2003,3.6,3.6,,"Shelling, Threshing",,,,,Modelled Estimates,"APHLIS, (2021), APHLIS",https://www.aphlis.net/en/data/tables/value-chain/NG/all-crops/2003?metric=prc&download=csv,,,,True,False,False,True,True,False,False
20555,566,Nigeria,,0114,Sorghum,2003,2.16667,2.16667,,Transportation,Farm,,,,Modelled Estimates,"APHLIS, (2021), APHLIS",https://www.aphlis.net/en/data/tables/value-chain/NG/all-crops/2003?metric=prc&download=csv,,,,True,False,False,True,True,True,False
20556,566,Nigeria,,0118,Millet,2003,3.5,3.5,,"Drying, Harvesting",Harvest,,,,Modelled Estimates,"APHLIS, (2021), APHLIS",https://www.aphlis.net/en/data/tables/value-chain/NG/all-crops/2003?metric=prc&download=csv,,,,True,False,False,True,True,True,False
20557,566,Nigeria,,0118,Millet,2003,0.784552,0.784552,,Storage,Farm,,,,Modelled Estimates,"APHLIS, (2021), APHLIS",https://www.aphlis.net/en/data/tables/value-chain/NG/all-crops/2003?metric=prc&download=csv,,,,True,False,False,True,True,True,False
20558,566,Nigeria,,0118,Millet,2003,2.0,2,,"Shelling, Threshing",,,,,Modelled Estimates,"APHLIS, (2021), APHLIS",https://www.aphlis.net/en/data/tables/value-chain/NG/all-crops/2003?metric=prc&download=csv,,,,True,False,False,True,True,False,False
20559,566,Nigeria,,0118,Millet,2003,2.5,2.5,,Transportation,Farm,,,,Modelled Estimates,"APHLIS, (2021), APHLIS",https://www.aphlis.net/en/data/tables/value-chain/NG/all-crops/2003?metric=prc&download=csv,,,,True,False,False,True,True,True,False
20560,566,Nigeria,,0118,Millet,2003,1.06936,1.06936,,Winnowing,Farm,,,,Modelled Estimates,"APHLIS, (2021), APHLIS",https://www.aphlis.net/en/data/tables/value-chain/NG/all-crops/2003?metric=prc&download=csv,,,,True,False,False,True,True,True,False
20561,566,Nigeria,,0112,Maize (corn),2002,6.42,6.42,,"Drying, Harvesting",Harvest,,,,Modelled Estimates,"APHLIS, (2021), APHLIS",https://www.aphlis.net/en/data/tables/value-chain/NG/all-crops/2002?metric=prc&download=csv,,,,True,False,False,True,True,True,False
20562,566,Nigeria,,0112,Maize (corn),2002,4.54928,4.54928,,Storage,Farm,,,,Modelled Estimates,"APHLIS, (2021), APHLIS",https://www.aphlis.net/en/data/tables/value-chain/NG/all-crops/2002?metric=prc&download=csv,,,,True,False,False,True,True,True,False
20563,566,Nigeria,,0112,Maize (corn),2002,1.32,1.32,,"Shelling, Threshing",,,,,Modelled Estimates,"APHLIS, (2021), APHLIS",https://www.aphlis.net/en/data/tables/value-chain/NG/all-crops/2002?metric=prc&download=csv,,,,True,False,False,True,True,False,False
20564,566,Nigeria,,0112,Maize (corn),2002,2.37299,2.37299,,Transportation,Farm,,,,Modelled Estimates,"APHLIS, (2021), APHLIS",https://www.aphlis.net/en/data/tables/value-chain/NG/all-crops/2002?metric=prc&download=csv,,,,True,False,False,True,True,True,False
20565,566,Nigeria,,0112,Maize (corn),2002,4.0,4,,Drying,Farm,,,,Modelled Estimates,"APHLIS, (2021), APHLIS",https://www.aphlis.net/en/data/tables/value-chain/NG/all-crops/2002?metric=prc&download=csv,,,,True,False,False,True,True,True,False
20566,566,Nigeria,,0113,Rice,2002,4.40333,4.40333,,"Drying, Harvesting",Harvest,,,,Modelled Estimates,"APHLIS, (2021), APHLIS",https://www.aphlis.net/en/data/tables/value-chain/NG/all-crops/2002?metric=prc&download=csv,,,,True,False,False,True,True,True,False
20567,566,Nigeria,,0113,Rice,2002,1.09652,1.09652,,Storage,Farm,,,,Modelled Estimates,"APHLIS, (2021), APHLIS",https://www.aphlis.net/en/data/tables/value-chain/NG/all-crops/2002?metric=prc&download=csv,,,,True,False,False,True,True,True,False
20568,566,Nigeria,,0113,Rice,2002,3.13714,3.13714,,"Shelling, Threshing",,,,,Modelled Estimates,"APHLIS, (2021), APHLIS",https://www.aphlis.net/en/data/tables/value-chain/NG/all-crops/2002?metric=prc&download=csv,,,,True,False,False,True,True,False,False
20569,566,Nigeria,,0113,Rice,2002,1.25,1.25,,Transportation,Farm,,,,Modelled Estimates,"APHLIS, (2021), APHLIS",https://www.aphlis.net/en/data/tables/value-chain/NG/all-crops/2002?metric=prc&download=csv,,,,True,False,False,True,True,True,False
20570,566,Nigeria,,0113,Rice,2002,2.5,2.5,,Winnowing,Farm,,,,Modelled Estimates,"APHLIS, (2021), APHLIS",https://www.aphlis.net/en/data/tables/value-chain/NG/all-crops/2002?metric=prc&download=csv,,,,True,False,False,True,True,True,False
20571,566,Nigeria,,0114,Sorghum,2002,4.55,4.55,,"Drying, Harvesting",Harvest,,,,Modelled Estimates,"APHLIS, (2021), APHLIS",https://www.aphlis.net/en/data/tables/value-chain/NG/all-crops/2002?metric=prc&download=csv,,,,True,False,False,True,True,True,False
20572,566,Nigeria,,0114,Sorghum,2002,2.59334,2.59334,,Storage,Farm,,,,Modelled Estimates,"APHLIS, (2021), APHLIS",https://www.aphlis.net/en/data/tables/value-chain/NG/all-crops/2002?metric=prc&download=csv,,,,True,False,False,True,True,True,False
20573,566,Nigeria,,0114,Sorghum,2002,3.6,3.6,,"Shelling, Threshing",,,,,Modelled Estimates,"APHLIS, (2021), APHLIS",https://www.aphlis.net/en/data/tables/value-chain/NG/all-crops/2002?metric=prc&download=csv,,,,True,False,False,True,True,False,False
20574,566,Nigeria,,0114,Sorghum,2002,2.16667,2.16667,,Transportation,Farm,,,,Modelled Estimates,"APHLIS, (2021), APHLIS",https://www.aphlis.net/en/data/tables/value-chain/NG/all-crops/2002?metric=prc&download=csv,,,,True,False,False,True,True,True,False
20575,566,Nigeria,,0118,Millet,2002,3.5,3.5,,"Drying, Harvesting",Harvest,,,,Modelled Estimates,"APHLIS, (2021), APHLIS",https://www.aphlis.net/en/data/tables/value-chain/NG/all-crops/2002?metric=prc&download=csv,,,,True,False,False,True,True,True,False
20576,566,Nigeria,,0118,Millet,2002,0.793743,0.793743,,Storage,Farm,,,,Modelled Estimates,"APHLIS, (2021), APHLIS",https://www.aphlis.net/en/data/tables/value-chain/NG/all-crops/2002?metric=prc&download=csv,,,,True,False,False,True,True,True,False
20577,566,Nigeria,,0118,Millet,2002,2.0,2,,"Shelling, Threshing",,,,,Modelled Estimates,"APHLIS, (2021), APHLIS",https://www.aphlis.net/en/data/tables/value-chain/NG/all-crops/2002?metric=prc&download=csv,,,,True,False,False,True,True,False,False
20578,566,Nigeria,,0118,Millet,2002,2.5,2.5,,Transportation,Farm,,,,Modelled Estimates,"APHLIS, (2021), APHLIS",https://www.aphlis.net/en/data/tables/value-chain/NG/all-crops/2002?metric=prc&download=csv,,,,True,False,False,True,True,True,False
20579,566,Nigeria,,0118,Millet,2002,1.10352,1.10352,,Winnowing,Farm,,,,Modelled Estimates,"APHLIS, (2021), APHLIS",https://www.aphlis.net/en/data/tables/value-chain/NG/all-crops/2002?metric=prc&download=csv,,,,True,False,False,True,True,True,False
20580,566,Nigeria,,0112,Maize (corn),2001,6.42,6.42,,"Drying, Harvesting",Harvest,,,,Modelled Estimates,"APHLIS, (2021), APHLIS",https://www.aphlis.net/en/data/tables/value-chain/NG/all-crops/2001?metric=prc&download=csv,,,,True,False,False,True,True,True,False
20581,566,Nigeria,,0112,Maize (corn),2001,4.52339,4.52339,,Storage,Farm,,,,Modelled Estimates,"APHLIS, (2021), APHLIS",https://www.aphlis.net/en/data/tables/value-chain/NG/all-crops/2001?metric=prc&download=csv,,,,True,False,False,True,True,True,False
20582,566,Nigeria,,0112,Maize (corn),2001,1.32,1.32,,"Shelling, Threshing",,,,,Modelled Estimates,"APHLIS, (2021), APHLIS",https://www.aphlis.net/en/data/tables/value-chain/NG/all-crops/2001?metric=prc&download=csv,,,,True,False,False,True,True,False,False
20583,566,Nigeria,,0112,Maize (corn),2001,2.37388,2.37388,,Transportation,Farm,,,,Modelled Estimates,"APHLIS, (2021), APHLIS",https://www.aphlis.net/en/data/tables/value-chain/NG/all-crops/2001?metric=prc&download=csv,,,,True,False,False,True,True,True,False
20584,566,Nigeria,,0112,Maize (corn),2001,4.0,4,,Drying,Farm,,,,Modelled Estimates,"APHLIS, (2021), APHLIS",https://www.aphlis.net/en/data/tables/value-chain/NG/all-crops/2001?metric=prc&download=csv,,,,True,False,False,True,True,True,False
20585,566,Nigeria,,0113,Rice,2001,4.40333,4.40333,,"Drying, Harvesting",Harvest,,,,Modelled Estimates,"APHLIS, (2021), APHLIS",https://www.aphlis.net/en/data/tables/value-chain/NG/all-crops/2001?metric=prc&download=csv,,,,True,False,False,True,True,True,False
20586,566,Nigeria,,0113,Rice,2001,1.07475,1.07475,,Storage,Farm,,,,Modelled Estimates,"APHLIS, (2021), APHLIS",https://www.aphlis.net/en/data/tables/value-chain/NG/all-crops/2001?metric=prc&download=csv,,,,True,False,False,True,True,True,False
20587,566,Nigeria,,0113,Rice,2001,3.13714,3.13714,,"Shelling, Threshing",,,,,Modelled Estimates,"APHLIS, (2021), APHLIS",https://www.aphlis.net/en/data/tables/value-chain/NG/all-crops/2001?metric=prc&download=csv,,,,True,False,False,True,True,False,False
20588,566,Nigeria,,0113,Rice,2001,1.25,1.25,,Transportation,Farm,,,,Modelled Estimates,"APHLIS, (2021), APHLIS",https://www.aphlis.net/en/data/tables/value-chain/NG/all-crops/2001?metric=prc&download=csv,,,,True,False,False,True,True,True,False
20589,566,Nigeria,,0113,Rice,2001,2.5,2.5,,Winnowing,Farm,,,,Modelled Estimates,"APHLIS, (2021), APHLIS",https://www.aphlis.net/en/data/tables/value-chain/NG/all-crops/2001?metric=prc&download=csv,,,,True,False,False,True,True,True,False
20590,566,Nigeria,,0114,Sorghum,2001,4.55,4.55,,"Drying, Harvesting",Harvest,,,,Modelled Estimates,"APHLIS, (2021), APHLIS",https://www.aphlis.net/en/data/tables/value-chain/NG/all-crops/2001?metric=prc&download=csv,,,,True,False,False,True,True,True,False
20591,566,Nigeria,,0114,Sorghum,2001,2.59606,2.59606,,Storage,Farm,,,,Modelled Estimates,"APHLIS, (2021), APHLIS",https://www.aphlis.net/en/data/tables/value-chain/NG/all-crops/2001?metric=prc&download=csv,,,,True,False,False,True,True,True,False
20592,566,Nigeria,,0114,Sorghum,2001,3.6,3.6,,"Shelling, Threshing",,,,,Modelled Estimates,"APHLIS, (2021), APHLIS",https://www.aphlis.net/en/data/tables/value-chain/NG/all-crops/2001?metric=prc&download=csv,,,,True,False,False,True,True,False,False
20593,566,Nigeria,,0114,Sorghum,2001,2.16667,2.16667,,Transportation,Farm,,,,Modelled Estimates,"APHLIS, (2021), APHLIS",https://www.aphlis.net/en/data/tables/value-chain/NG/all-crops/2001?metric=prc&download=csv,,,,True,False,False,True,True,True,False
20594,566,Nigeria,,0118,Millet,2001,3.5,3.5,,"Drying, Harvesting",Harvest,,,,Modelled Estimates,"APHLIS, (2021), APHLIS",https://www.aphlis.net/en/data/tables/value-chain/NG/all-crops/2001?metric=prc&download=csv,,,,True,False,False,True,True,True,False
20595,566,Nigeria,,0118,Millet,2001,0.773008,0.773008,,Storage,Farm,,,,Modelled Estimates,"APHLIS, (2021), APHLIS",https://www.aphlis.net/en/data/tables/value-chain/NG/all-crops/2001?metric=prc&download=csv,,,,True,False,False,True,True,True,False
20596,566,Nigeria,,0118,Millet,2001,2.0,2,,"Shelling, Threshing",,,,,Modelled Estimates,"APHLIS, (2021), APHLIS",https://www.aphlis.net/en/data/tables/value-chain/NG/all-crops/2001?metric=prc&download=csv,,,,True,False,False,True,True,False,False
20597,566,Nigeria,,0118,Millet,2001,2.5,2.5,,Transportation,Farm,,,,Modelled Estimates,"APHLIS, (2021), APHLIS",https://www.aphlis.net/en/data/tables/value-chain/NG/all-crops/2001?metric=prc&download=csv,,,,True,False,False,True,True,True,False
20598,566,Nigeria,,0118,Millet,2001,1.02642,1.02642,,Winnowing,Farm,,,,Modelled Estimates,"APHLIS, (2021), APHLIS",https://www.aphlis.net/en/data/tables/value-chain/NG/all-crops/2001?metric=prc&download=csv,,,,True,False,False,True,True,True,False
20599,566,Nigeria,,0112,Maize (corn),2000,6.42,6.42,,"Drying, Harvesting",Harvest,,,,Modelled Estimates,"APHLIS, (2021), APHLIS",https://www.aphlis.net/en/data/tables/value-chain/NG/all-crops/2000?metric=prc&download=csv,,,,True,False,False,True,True,True,False
20600,566,Nigeria,,0112,Maize (corn),2000,4.4252,4.4252,,Storage,Farm,,,,Modelled Estimates,"APHLIS, (2021), APHLIS",https://www.aphlis.net/en/data/tables/value-chain/NG/all-crops/2000?metric=prc&download=csv,,,,True,False,False,True,True,True,False
20601,566,Nigeria,,0112,Maize (corn),2000,1.32,1.32,,"Shelling, Threshing",,,,,Modelled Estimates,"APHLIS, (2021), APHLIS",https://www.aphlis.net/en/data/tables/value-chain/NG/all-crops/2000?metric=prc&download=csv,,,,True,False,False,True,True,False,False
20602,566,Nigeria,,0112,Maize (corn),2000,2.37049,2.37049,,Transportation,Farm,,,,Modelled Estimates,"APHLIS, (2021), APHLIS",https://www.aphlis.net/en/data/tables/value-chain/NG/all-crops/2000?metric=prc&download=csv,,,,True,False,False,True,True,True,False
20603,566,Nigeria,,0112,Maize (corn),2000,4.0,4,,Drying,Farm,,,,Modelled Estimates,"APHLIS, (2021), APHLIS",https://www.aphlis.net/en/data/tables/value-chain/NG/all-crops/2000?metric=prc&download=csv,,,,True,False,False,True,True,True,False
20604,566,Nigeria,,0113,Rice,2000,4.40333,4.40333,,"Drying, Harvesting",Harvest,,,,Modelled Estimates,"APHLIS, (2021), APHLIS",https://www.aphlis.net/en/data/tables/value-chain/NG/all-crops/2000?metric=prc&download=csv,,,,True,False,False,True,True,True,False
20605,566,Nigeria,,0113,Rice,2000,1.06185,1.06185,,Storage,Farm,,,,Modelled Estimates,"APHLIS, (2021), APHLIS",https://www.aphlis.net/en/data/tables/value-chain/NG/all-crops/2000?metric=prc&download=csv,,,,True,False,False,True,True,True,False
20606,566,Nigeria,,0113,Rice,2000,3.13714,3.13714,,"Shelling, Threshing",,,,,Modelled Estimates,"APHLIS, (2021), APHLIS",https://www.aphlis.net/en/data/tables/value-chain/NG/all-crops/2000?metric=prc&download=csv,,,,True,False,False,True,True,False,False
20607,566,Nigeria,,0113,Rice,2000,1.25,1.25,,Transportation,Farm,,,,Modelled Estimates,"APHLIS, (2021), APHLIS",https://www.aphlis.net/en/data/tables/value-chain/NG/all-crops/2000?metric=prc&download=csv,,,,True,False,False,True,True,True,False
20608,566,Nigeria,,0113,Rice,2000,2.5,2.5,,Winnowing,Farm,,,,Modelled Estimates,"APHLIS, (2021), APHLIS",https://www.aphlis.net/en/data/tables/value-chain/NG/all-crops/2000?metric=prc&download=csv,,,,True,False,False,True,True,True,False
20609,566,Nigeria,,0114,Sorghum,2000,4.55,4.55,,"Drying, Harvesting",Harvest,,,,Modelled Estimates,"APHLIS, (2021), APHLIS",https://www.aphlis.net/en/data/tables/value-chain/NG/all-crops/2000?metric=prc&download=csv,,,,True,False,False,True,True,True,False
20610,566,Nigeria,,0114,Sorghum,2000,2.60241,2.60241,,Storage,Farm,,,,Modelled Estimates,"APHLIS, (2021), APHLIS",https://www.aphlis.net/en/data/tables/value-chain/NG/all-crops/2000?metric=prc&download=csv,,,,True,False,False,True,True,True,False
20611,566,Nigeria,,0114,Sorghum,2000,3.6,3.6,,"Shelling, Threshing",,,,,Modelled Estimates,"APHLIS, (2021), APHLIS",https://www.aphlis.net/en/data/tables/value-chain/NG/all-crops/2000?metric=prc&download=csv,,,,True,False,False,True,True,False,False
20612,566,Nigeria,,0114,Sorghum,2000,2.16667,2.16667,,Transportation,Farm,,,,Modelled Estimates,"APHLIS, (2021), APHLIS",https://www.aphlis.net/en/data/tables/value-chain/NG/all-crops/2000?metric=prc&download=csv,,,,True,False,False,True,True,True,False
20613,566,Nigeria,,0118,Millet,2000,3.5,3.5,,"Drying, Harvesting",Harvest,,,,Modelled Estimates,"APHLIS, (2021), APHLIS",https://www.aphlis.net/en/data/tables/value-chain/NG/all-crops/2000?metric=prc&download=csv,,,,True,False,False,True,True,True,False
20614,566,Nigeria,,0118,Millet,2000,0.786128,0.786128,,Storage,Farm,,,,Modelled Estimates,"APHLIS, (2021), APHLIS",https://www.aphlis.net/en/data/tables/value-chain/NG/all-crops/2000?metric=prc&download=csv,,,,True,False,False,True,True,True,False
20615,566,Nigeria,,0118,Millet,2000,2.0,2,,"Shelling, Threshing",,,,,Modelled Estimates,"APHLIS, (2021), APHLIS",https://www.aphlis.net/en/data/tables/value-chain/NG/all-crops/2000?metric=prc&download=csv,,,,True,False,False,True,True,False,False
20616,566,Nigeria,,0118,Millet,2000,2.5,2.5,,Transportation,Farm,,,,Modelled Estimates,"APHLIS, (2021), APHLIS",https://www.aphlis.net/en/data/tables/value-chain/NG/all-crops/2000?metric=prc&download=csv,,,,True,False,False,True,True,True,False
20617,566,Nigeria,,0118,Millet,2000,1.07522,1.07522,,Winnowing,Farm,,,,Modelled Estimates,"APHLIS, (2021), APHLIS",https://www.aphlis.net/en/data/tables/value-chain/NG/all-crops/2000?metric=prc&download=csv,,,,True,False,False,True,True,True,False
20618,566,Nigeria,Abavo,01540,Yams,1997,3.0,3,,,Storage,,Damage Typically Increased .85% Per Month Stored And 1.4% Had Other Damages,360,Survey,"Okoh 1997; Okoh, 1998",,,,360.0,True,False,True,False,False,True,True
20619,566,Nigeria,Abavo,01540,Yams,1997,12.4,12.4,,,Whole supply chain,,,,Literature Review,"Lisa Kitinoja, (2010), Identification Of Appropriate Postharvest Technologies For Improving Market Access And Incomes For Small Horticultural Farmers In Sub-Saharan Africa And South Asia",http://ucanr.edu/datastoreFiles/234-1847.pdf,"Sourced from Okoh, 1997",,,True,False,False,True,False,True,False
20620,566,Nigeria,,0112,Maize (corn),1997,3.0,1-5%,,Storage,Farm,On-farm storage,,,Literature Review,"Grolleaud M, (1997), Post-Harvest Losses: Discovering The Full Story. Un Food And Agriculture Organization, Rome",,"Source: Yaciuk, G. and Forrest, R.S., 1979 and NAS, 1978",,,True,False,False,False,True,True,False
20621,566,Nigeria,,0112,Maize (corn),1997,6.25,5.5-7%,,Storage,Farm,Six months on-farm storage,,,Literature Review,"Grolleaud M, (1997), Post-Harvest Losses: Discovering The Full Story. Un Food And Agriculture Organization, Rome",,"Source: Yaciuk, G. and Forrest, R.S., 1979 and NAS, 1978",,,True,False,False,False,True,True,False
20622,566,Nigeria,,0114,Sorghum,1997,18.5,0-37 %,,Retailing,Retail,On-farm stores,,,Literature Review,"Grolleaud M, (1997), Post-Harvest Losses: Discovering The Full Story. Un Food And Agriculture Organization, Rome",,"Source: Yaciuk, G. and Forrest, R.S., 1979 and NAS, 1978",,,True,False,False,False,True,True,False
20623,566,Nigeria,,0118,Millet,1997,0.15,0.1-0.2 %,,Retailing,Retail,On-farm stores,,,Literature Review,"Grolleaud M, (1997), Post-Harvest Losses: Discovering The Full Story. Un Food And Agriculture Organization, Rome",,"Source: Yaciuk, G. and Forrest, R.S., 1979 and NAS, 1978",,,True,False,False,False,True,True,False
20624,566,Nigeria,Northern,0114,Sorghum,1987,4.0,4,,,Storage,,Storage In Traditional Granaries In Tropical Africa,,Survey,"FAO, (2021), Survey And Analysis Of Post-Harvest Losses",http://www.fao.org/docrep/004/ac301e/AC301e04.htm#3.1 Methodological problems,,,,True,False,False,True,False,True,True
20625,566,Nigeria,,0112,Maize (corn),1982,3.0,1% - 5%,,,Storage,,,,Literature Review,"G.G.M. Schulten, (2018), Hunger Technology And Society: Post-harvest Losses In Tropical Africa And Their Prevention",,,,,True,False,False,False,False,True,False
20626,566,Nigeria,,0112,Maize (corn),1982,37.75,5.5% - 70%,,,Storage,6 months on-farm storage,,,Literature Review,"G.G.M. Schulten, (2018), Hunger Technology And Society: Post-harvest Losses In Tropical Africa And Their Prevention",,,,,True,False,False,False,False,True,False
20627,566,Nigeria,,0114,Sorghum,1982,18.5,0 - 37%,,,Storage,On-farm storage over 26months,,,Literature Review,"G.G.M. Schulten, (2018), Hunger Technology And Society: Post-harvest Losses In Tropical Africa And Their Prevention",,,,,True,False,False,False,False,True,False
20628,566,Nigeria,,0118,Millet,1982,0.15,0.1% - 0.2%,,,Storage,On-farm storage,,,Literature Review,"G.G.M. Schulten, (2018), Hunger Technology And Society: Post-harvest Losses In Tropical Africa And Their Prevention",,,,,True,False,False,False,False,True,False
20629,566,Nigeria,,01706,"Cow peas, dry",1982,1.5,1% - 2%,,,Storage,Cowpeas stored 3 months in shell,,,Literature Review,"G.G.M. Schulten, (2018), Hunger Technology And Society: Post-harvest Losses In Tropical Africa And Their Prevention",,,,,True,False,False,False,False,True,False
20630,566,Nigeria,,01706,"Cow peas, dry",1982,54.0,54%,,,Storage,,,,Literature Review,"G.G.M. Schulten, (2018), Hunger Technology And Society: Post-harvest Losses In Tropical Africa And Their Prevention",,,,,True,False,False,False,False,True,False
20631,566,Nigeria,,21421,"Groundnuts, shelled",1982,4.5,4.5%,,,Storage,,,,Literature Review,"G.G.M. Schulten, (2018), Hunger Technology And Society: Post-harvest Losses In Tropical Africa And Their Prevention",,,,,True,False,False,False,False,True,False
20632,566,Nigeria,,0112,Maize (corn),1978,6.25,5.5-7,,,Storage,,Six Months On-Farm Storage,,Survey,"FAO, (2021), Survey And Analysis Of Post-Harvest Losses",http://www.fao.org/docrep/004/ac301e/AC301e04.htm#3.1 Methodological problems,,,,True,False,False,True,False,True,True
20633,566,Nigeria,,0112,Maize (corn),1978,3.0,1.0-5,,,,,,,Survey,"FAO, (2021), Survey And Analysis Of Post-Harvest Losses",http://www.fao.org/docrep/004/ac301e/AC301e04.htm#3.1 Methodological problems,,,,True,False,False,True,False,False,False
20634,566,Nigeria,,0114,Sorghum,1978,18.5,0-37,,,,,On-farm stores,,Survey,"FAO, (2021), Survey And Analysis Of Post-Harvest Losses",http://www.fao.org/docrep/004/ac301e/AC301e04.htm#3.1 Methodological problems,,,,True,False,False,True,False,False,True
20635,566,Nigeria,,0118,Millet,1978,0.15,.1-.2,,,,,On-Farm Storage,,Survey,"FAO, (2021), Survey And Analysis Of Post-Harvest Losses",http://www.fao.org/docrep/004/ac301e/AC301e04.htm#3.1 Methodological problems,,,,True,False,False,True,False,False,True
20636,566,Nigeria,,0112,Maize (corn),1977,37.75,5.5-70,,,,,,,Literature Review,"National Research Council, (1978), Postharvest Food Losses In Developing Countries",https://www.nap.edu/catalog/20028/postharvest-food-losses-in-developing-countries,,,,True,False,False,True,False,False,False
20637,566,Nigeria,,0112,Maize (corn),1977,3.0,1.0-5,,,,,,,Literature Review,"National Research Council, (1978), Postharvest Food Losses In Developing Countries",https://www.nap.edu/catalog/20028/postharvest-food-losses-in-developing-countries,,,,True,False,False,True,False,False,False
20638,566,Nigeria,,0118,Millet,1977,0.15,0.1-0.2,,,,,On-Farm Storage,,Literature Review,"National Research Council, (1978), Postharvest Food Losses In Developing Countries",https://www.nap.edu/catalog/20028/postharvest-food-losses-in-developing-countries,,,,True,False,False,True,False,False,True
20639,566,Nigeria,,0142,"Groundnuts, excluding shelled",1977,4.5,4.5,,,Storage,,,,Literature Review,"National Research Council, (1978), Postharvest Food Losses In Developing Countries",https://www.nap.edu/catalog/20028/postharvest-food-losses-in-developing-countries,,,,True,False,False,True,False,True,False
20640,566,Nigeria,,01540,Yams,1977,30.0,10.0-50,,,Storage,,,,Literature Review,"National Research Council, (1978), Postharvest Food Losses In Developing Countries",https://www.nap.edu/catalog/20028/postharvest-food-losses-in-developing-countries,,,,True,False,False,True,False,True,False
20641,566,Nigeria,,01540,Yams,1977,37.5,15-60,,,Storage,,,,Literature Review,"National Research Council, (1978), Postharvest Food Losses In Developing Countries",https://www.nap.edu/catalog/20028/postharvest-food-losses-in-developing-countries,,,,True,False,False,True,False,True,False
20642,566,Nigeria,,01706,"Cow peas, dry",1977,1.5,1.0-2,,,Storage,,In Shell,,Literature Review,"National Research Council, (1978), Postharvest Food Losses In Developing Countries",https://www.nap.edu/catalog/20028/postharvest-food-losses-in-developing-countries,,,,True,False,False,True,False,True,True
20643,566,Nigeria,"Mokwa, Lokoja (Guinea savanna), Onitsha and Aba (forest) area",01540,Yams,1976,6.0,6,,,Storage,,Nematode,114,No Data Collection Specified,"T. G. Wood; R. W. Smith; R. A. Johnson; P. O. Komolafe, (2009), Termite Damage And Crop Loss Studies In Nigeria—Pre-harvest Losses To Yams Due To Termites And Other Soil Pests",http://www.tandfonline.com/doi/citedby/10.1080/09670878009414916?scroll=top&needAccess=true,url not found,,114.0,True,False,True,True,False,True,True
20644,566,Nigeria,"Mokwa, Lokoja (Guinea savanna), Onitsha and Aba (forest) area",01540,Yams,1976,29.0,29,,,Storage,,Insects; Yam Bettle,114,No Data Collection Specified,"T. G. Wood; R. W. Smith; R. A. Johnson; P. O. Komolafe, (2009), Termite Damage And Crop Loss Studies In Nigeria—Pre-harvest Losses To Yams Due To Termites And Other Soil Pests",http://www.tandfonline.com/doi/citedby/10.1080/09670878009414916?scroll=top&needAccess=true,url not found,,114.0,True,False,True,True,False,True,True
20645,566,Nigeria,"Mokwa, Lokoja (Guinea savanna), Onitsha and Aba (forest) area",01540,Yams,1976,42.0,42,,,Storage,,"Amitermes,",114,No Data Collection Specified,"T. G. Wood; R. W. Smith; R. A. Johnson; P. O. Komolafe, (2009), Termite Damage And Crop Loss Studies In Nigeria—Pre-harvest Losses To Yams Due To Termites And Other Soil Pests",http://www.tandfonline.com/doi/citedby/10.1080/09670878009414916?scroll=top&needAccess=true,url not found,,114.0,True,False,True,True,False,True,True
20646,566,Nigeria,,01706,"Cow peas, dry",1974,4.0,4,,,Farm,,,,No Data Collection Specified,"Tran, B.M.D.; Golob, P., (1999), Improvements In The Storage And Marketing Quality Of Grain Legumes: Final Technical Report",http://gala.gre.ac.uk/11537/1/11537_Golob_Improvements%20in%20the%20storage%20(monograph)%201999.pdf,,,,True,False,False,True,False,True,False
20647,566,Nigeria,,01706,"Cow peas, dry",1974,65.0,60-70,,,Storage,,,,No Data Collection Specified,"Tran, B.M.D.; Golob, P., (1999), Improvements In The Storage And Marketing Quality Of Grain Legumes: Final Technical Report",http://gala.gre.ac.uk/11537/1/11537_Golob_Improvements%20in%20the%20storage%20(monograph)%201999.pdf,,,,True,False,False,True,False,True,False
20648,566,Nigeria,,0114,Sorghum,1970,18.5,0-37,,,Storage,,On-Farm Storage,,Literature Review,"National Research Council, (1978), Postharvest Food Losses In Developing Countries",https://www.nap.edu/catalog/20028/postharvest-food-losses-in-developing-countries,,,,True,False,False,True,False,True,True
20649,566,Nigeria,-,01706,"Cow peas, dry",1968,5.4,5.4,,,Storage,,,-,Literature Review,"National Research Council, (1978), Postharvest Food Losses In Developing Countries",https://www.nap.edu/catalog/20028/postharvest-food-losses-in-developing-countries,,,,True,False,False,True,False,True,False
